name,district,lat,lon,flats,pop,dist_all,dist_public,openness_penalty,category_all,category_public
Tak Long Estate,Kowloon City,22.330105,114.2031,8200,22140,46.32166683793722,46.32166683793722,0.0,Well,Well
Kai Ching Estate,Kowloon City,22.33254,114.20292,5200,14040,59.51352134553351,59.51352134553351,0.0,Well,Well
Choi Fook Estate,Kwun Tong,22.328026,114.21717,4500,12150,22.89268374615947,22.89268374615947,0.0,Well,Well
Ching Ho Estate,North,22.49311,114.12577,7200,19440,5.180577332340486,5.180577332340486,0.0,Well,Well
Hin Yiu Estate,Sha Tin,22.36692,114.17457,800,2160,1.4466906240322124,1.4466906240322124,0.0,Well,Well
Mei Tin Estate,Sha Tin,22.37569,114.17018,6700,18090,34.24268559220168,34.24268559220168,0.0,Well,Well
Cheung Ching Estate,Kwai Tsing,22.34968,114.10681,6400,17280,3.143451479027121,3.143451479027121,0.0,Well,Well
Fu Shan Estate,Wong Tai Sin,22.34274,114.20913,2300,6210,38.63385655091665,38.63385655091665,0.0,Well,Well
Tai Hang Tung Estate,Sham Shui Po,22.33268,114.17167,2100,5670,98.39548729444773,98.39548729444773,0.0,Well,Well
Choi Tak Estate,Kwun Tong,22.3301,114.21279,5800,15660,22.729075974937132,22.729075974937132,0.0,Well,Well
Lei Muk Shue (1) Estate,Tsuen Wan,22.37706,114.13539,2300,6210,34.20921297770551,34.20921297770551,0.0,Well,Well
Lei Muk Shue (2) Estate,Tsuen Wan,22.37851,114.13444,4300,11610,28.93097960928256,28.93097960928256,0.0,Well,Well
Lei Muk Shue Estate,Tsuen Wan,22.37906,114.13627,3900,10530,30.4834705496017,30.4834705496017,0.0,Well,Well
Ka Fuk Estate,North,22.49267,114.13489,2000,5400,0.778364486406613,0.778364486406613,0.0,Well,Well
Upper Ngau Tau Kok Estate,Kwun Tong,22.31868,114.21725,6700,18090,49.40395853148662,49.40395853148662,0.0,Well,Well
Yue Wan Estate,Eastern,22.26582,114.242,3000,8100,29.978680633320433,48.61459006875986,18.635909435439427,Well,Well
Fu Tung Estate,Islands,22.28692,113.94148,1700,4590,7.987657127951391,7.987657127951391,0.0,Well,Well
Nga Ning Court,Islands,22.20359,114.02734,400,1080,65.9217720543315,65.9217720543315,0.0,Well,Well
Kam Peng Estate,Islands,22.28714,114.03718,300,810,9.153245224000994,9.153245224000994,0.0,Well,Well
Yat Tung (1) Estate,Islands,22.28055,113.93639,5600,15120,27.817767269275514,27.817767269275514,0.0,Well,Well
Yat Tung (2) Estate,Islands,22.28247,113.93458,6400,17280,64.91753734522727,64.91753734522727,0.0,Well,Well
Cheung Fat Estate,Kwai Tsing,22.36314,114.10348,600,1620,54.245342460219725,54.245342460219725,0.0,Well,Well
Lower Ngau Tau Kok Estate,Kwun Tong,22.321114,114.21527,4800,12960,20.910349705191734,20.910349705191734,0.0,Well,Well
Wang Tau Hom Estate,Wong Tai Sin,22.3409,114.18601,5900,15930,18.293558534101777,56.295457694683755,38.00189916058198,Well,Well
Cheung Hang Estate,Kwai Tsing,22.35723,114.0983,4400,11880,52.706976778293445,52.706976778293445,0.0,Well,Well
Cheung On Estate,Kwai Tsing,22.35992,114.10435,600,1620,48.48361052498232,69.43898865314692,20.955378128164604,Well,Well
Yau Lai Estate,Kwun Tong,22.30194,114.23627,9000,24300,9.932099373923673,9.932099373923673,0.0,Well,Well
Ap Lei Chau Estate,Southern,22.24443,114.15216,4500,12150,16.962611976241817,16.962611976241817,0.0,Well,Well
Lei Tung Estate,Southern,22.24077,114.15697,1100,2970,52.026970362081876,52.026970362081876,0.0,Well,Well
Fuk Loi Estate,Tsuen Wan,22.37442,114.11204,3100,8370,54.34175099878064,54.34175099878064,0.0,Well,Well
Wu King Estate,Tuen Mun,22.37652,113.96507,4400,11880,4.612973368010076,4.612973368010076,0.0,Well,Well
Lam Tin Estate,Kwun Tong,22.31041,114.23588,3000,8100,57.056532648186945,57.056532648186945,0.0,Well,Well
Mei Tung Estate,Wong Tai Sin,22.33314,114.19014,1800,4860,21.714083597578608,75.94599278623221,54.2319091886536,Well,Well
Hing Wah (1) Estate,Eastern,22.26217,114.23554,2300,6210,37.93753822280964,37.93753822280964,0.0,Well,Well
Cheung Kwai Estate,Islands,22.21394,114.02526,500,1350,69.97056908084475,104.96260384916802,34.992034768323265,Well,Well
Hing Wah (2) Estate,Eastern,22.26236,114.23359,3600,9720,47.90428302428001,47.90428302428001,0.0,Well,Well
Hong Tung Estate,Eastern,22.28436,114.22232,500,1350,27.414697901178293,27.414697901178293,0.0,Well,Well
Model Housing Estate,Eastern,22.29103,114.20824,700,1890,39.75955480956728,39.75955480956728,0.0,Well,Well
Oi Tung Estate,Eastern,22.28173,114.22737,3900,10530,37.14192519580636,37.14192519580636,0.0,Well,Well
Siu Sai Wan Estate,Eastern,22.26133,114.24849,6100,16470,72.09292833659987,72.09292833659987,0.0,Well,Well
Tsui Lok Estate,Eastern,22.26748,114.24037,300,810,3.745980517016308,3.745980517016308,0.0,Well,Well
Tsui Wan Estate,Eastern,22.26825,114.24061,300,810,23.77686169603238,88.69600608616007,64.91914439012768,Well,Well
Wan Tsui Estate,Eastern,22.26278,114.2392,3700,9990,41.25044015949136,41.25044015949136,0.0,Well,Well
Yiu Tung Estate,Eastern,22.27812,114.2252,5200,14040,14.588086278935112,14.588086278935112,0.0,Well,Well
Sun Chui Estate,Sha Tin,22.36916,114.18233,6600,17820,12.328309363203685,12.328309363203685,0.0,Well,Well
Sun Tin Wai Estate,Sha Tin,22.37049,114.18734,3400,9180,65.73132966616355,65.73132966616355,0.0,Well,Well
Po Tin Estate,Tuen Mun,22.41024,113.96667,4200,11340,38.134594370696426,38.134594370696426,0.0,Well,Well
Wo Che Estate,Sha Tin,22.388493,114.19636,6300,17010,36.81830803741152,75.86333989203095,39.04503185461943,Well,Well
Sam Shing Estate,Tuen Mun,22.38107,113.97811,1800,4860,25.920260679571903,25.920260679571903,0.0,Well,Well
Yiu On Estate,Sha Tin,22.41887,114.23029,500,1350,123.55595694418838,123.55595694418838,0.0,Well,Well
Wing Cheong Estate,Sham Shui Po,22.32916,114.15537,1500,4050,37.07386123592092,37.07386123592092,0.0,Well,Well
Choi Yuen Estate,North,22.50167,114.12579,5100,13770,8.74780466152693,8.74780466152693,0.0,Well,Well
Tai Ping Estate,North,22.49797,114.12668,100,270,28.83936414658362,136.85446393047195,108.01509978388833,Well,Well
Tin Ping Estate,North,22.50348,114.13229,500,1350,106.8157685765888,107.74574071456355,0.9299721379747581,Well,Well
Wah Ming Estate,North,22.48455,114.14015,700,1890,1.5203202577120283,124.77321350448668,123.25289324677465,Well,Well
Wah Sum Estate,North,22.48584,114.14325,1500,4050,5.958991343747034,5.958991343747034,0.0,Well,Well
Yung Shing Court,North,22.48264,114.13775,1700,4590,38.3936055855349,169.24755306837378,130.85394748283886,Well,Well
Ma Hang Estate,Southern,22.22169,114.20701,900,2430,42.86646312488207,42.86646312488207,0.0,Well,Well
Shek Pai Wan Estate,Southern,22.24933,114.15726,5300,14310,29.22593587720987,29.22593587720987,0.0,Well,Well
Wah Fu (I) Estate,Southern,22.25017,114.13744,4800,12960,0.8883346093864691,0.8883346093864691,0.0,Well,Well
Wah Fu (II) Estate,Southern,22.25139,114.13718,4300,11610,4.76864734190613,4.76864734190613,0.0,Well,Well
Wah Kwai Estate,Southern,22.25011,114.14024,800,2160,2.066076045651214,187.17793728392476,185.11186123827355,Well,Well
Oi Man Estate,Kowloon City,22.31313,114.17884,6300,17010,4.447797065332216,4.447797065332216,0.0,Well,Well
Hoi Fu Court,Yau Tsim Mong,22.31686,114.16454,2800,7560,53.77015120195911,98.1845002277297,44.41434902577059,Well,Well
Chai Wan Estate,Eastern,22.26364,114.24197,1600,4320,55.4487695808974,55.4487695808974,0.0,Well,Well
Fung Wah Estate,Eastern,22.2611,114.23152,300,810,74.53371961599613,239.63767558575395,165.1039559697578,Well,Well
Hing Man Estate,Eastern,22.26646,114.23257,2000,5400,2.3392450142796624,2.3392450142796624,0.0,Well,Well
Cheung Wah Estate,North,22.49219,114.1419,900,2430,39.36986845458972,39.36986845458972,0.0,Well,Well
Tai Wo Estate,Tai Po,22.45201,114.16259,1000,2700,96.70387891855215,96.70387891855215,0.0,Well,Well
Choi Ming Court,Sai Kung,22.30682,114.25311,2800,7560,63.30205229380938,63.30205229380938,0.0,Well,Well
Wan Tau Tong Estate,Tai Po,22.44275,114.16876,300,810,79.68923013574786,79.68923013574786,0.0,Well,Well
Choi Wan (I) Estate,Wong Tai Sin,22.33301,114.21512,5900,15930,39.08192475083744,39.08192475083744,0.0,Well,Well
Chuk Yuen (North) Estate,Wong Tai Sin,22.34581,114.19293,700,1890,67.80833772344685,67.80833772344685,0.0,Well,Well
Chuk Yuen South Estate,Wong Tai Sin,22.34463,114.19064,6200,16740,10.551028230006922,10.551028230006922,0.0,Well,Well
Lower Wong Tai Sin (2) Estate,Wong Tai Sin,22.33989,114.19119,6700,18090,43.378215784953206,43.378215784953206,0.0,Well,Well
Kin Ming Estate,Sai Kung,22.30644,114.25094,7000,18900,23.912638451332796,25.00409399589413,1.0914555445613345,Well,Well
Fung Tak Estate,Wong Tai Sin,22.34489,114.20121,800,2160,1.5146456852776093,94.1981635957629,92.68351791048529,Well,Well
King Lam Estate,Sai Kung,22.31986,114.26158,1000,2700,12.493694089708143,12.493694089708143,0.0,Well,Well
Lok Fu Estate,Wong Tai Sin,22.33818,114.18666,3700,9990,5.003771698985027,5.003771698985027,0.0,Well,Well
Yau Oi Estate,Tuen Mun,22.38828,113.97354,9200,24840,3.3394268188035814,3.3394268188035814,0.0,Well,Well
Shin Ming Estate,Sai Kung,22.30371,114.24983,2000,5400,24.61846105826408,33.113643581412674,8.495182523148593,Well,Well
Tin King Estate,Tuen Mun,22.40587,113.96399,400,1080,11.789823056709267,93.46916303868905,81.67933998197978,Well,Well
Tai Wo Hau Estate,Kwai Tsing,22.36743,114.12551,7900,21330,24.61492382691038,24.61492382691038,0.0,Well,Well
Lung Hang Estate,Sha Tin,22.36524,114.17843,4400,11880,25.536853565136344,25.536853565136344,0.0,Well,Well
Wah Lai Estate,Kwai Tsing,22.34257,114.13754,1400,3780,19.789253063114536,19.789253063114536,0.0,Well,Well
Tsing Yi Estate,Kwai Tsing,22.35465,114.1028,400,1080,38.73950551376764,56.57513364288953,17.835628129121893,Well,Well
Kwai Hing Estate,Kwai Tsing,22.36625,114.13261,200,540,5.212350048122236,143.11507635584564,137.9027263077234,Well,Well
Mei Lam Estate,Sha Tin,22.37777,114.17732,4100,11070,9.146128973230391,9.146128973230391,0.0,Well,Well
Shek Lei (II) Estate,Kwai Tsing,22.36752,114.1408,8400,22680,32.63965199363894,32.63965199363894,0.0,Well,Well
Fu Tai Estate,Tuen Mun,22.41336,113.98469,5100,13770,41.2609829821131,41.2609829821131,0.0,Well,Well
Kin Sang Estate,Tuen Mun,22.40605,113.96994,300,810,58.163075748189016,139.15388619298616,80.99081044479715,Well,Well
Leung King Estate,Tuen Mun,22.40756,113.96332,1500,4050,55.650387882344994,55.650387882344994,0.0,Well,Well
Sha Kok Estate,Sha Tin,22.3778,114.19328,6400,17280,5.23093716856659,5.23093716856659,0.0,Well,Well
Shek Mun Estate,Sha Tin,22.38669,114.20929,5000,13500,18.243212422865884,34.32670347258228,16.083491049716397,Well,Well
Yau Tong Estate,Kwun Tong,22.29744,114.23853,3600,9720,63.12312194145144,73.54221540922443,10.419093467772989,Well,Well
Ngan Wan Estate,Islands,22.26514,113.99676,400,1080,21.24453723561427,41.657593805170805,20.413056569556534,Well,Well
Hau Tak Estate,Sai Kung,22.31876,114.26372,4200,11340,10.899372330682525,10.899372330682525,0.0,Well,Well
Lung Tin Estate,Islands,22.25282,113.86577,500,1350,26.037879114098686,73.41868643629483,47.38080732219615,Well,Well
Hung Hom Estate,Kowloon City,22.30736,114.18906,2800,7560,23.151103057558185,23.151103057558185,0.0,Well,Well
Shatin Pass Estate,Wong Tai Sin,22.34964,114.19499,1300,3510,16.724832698573522,16.724832698573522,0.0,Well,Well
Choi Ying Estate,Kwun Tong,22.32756,114.21542,4000,10800,3.206009878326337,3.206009878326337,0.0,Well,Well
Ping Shek Estate,Kwun Tong,22.33356,114.2096,4600,12420,2.450227928713051,2.450227928713051,0.0,Well,Well
Fu Shin Estate,Tai Po,22.453,114.17556,1200,3240,45.04005762208313,45.04005762208313,0.0,Well,Well
Nam Cheong Estate,Sham Shui Po,22.32642,114.15827,400,1080,64.92155931837017,89.26444448420655,24.34288516583638,Well,Well
Fu Cheong Estate,Sham Shui Po,22.32861,114.15465,6000,16200,47.567027227914124,47.567027227914124,0.0,Well,Well
Lai Kok Estate,Sham Shui Po,22.33224,114.15681,3000,8100,55.04383883881939,55.04383883881939,0.0,Well,Well
Lai On Estate,Sham Shui Po,22.33077,114.15847,1400,3780,34.28266703525297,104.11542393154122,69.83275689628825,Well,Well
Lei Cheng Uk Estate,Sham Shui Po,22.33921,114.16013,700,1890,77.26818418635534,77.26818418635534,0.0,Well,Well
Ko Cheung Court,Kwun Tong,22.29693,114.24012,1800,4860,16.973361650398296,19.691599519551545,2.718237869153249,Well,Well
Kwai Chung Estate,Kwai Tsing,22.36959,114.1271,13700,36990,36.82165041015542,36.82165041015542,0.0,Well,Well
Kwai Shing West Estate,Kwai Tsing,22.3628,114.12368,5300,14310,48.94403731130712,48.94403731130712,0.0,Well,Well
Lai King Estate,Kwai Tsing,22.35045,114.12619,4800,12960,48.795083637807906,48.795083637807906,0.0,Well,Well
Lai Yiu Estate,Kwai Tsing,22.35314,114.13151,3700,9990,52.97289599141498,52.97289599141498,0.0,Well,Well
Hoi Lai Estate,Sham Shui Po,22.33224,114.14635,4900,13230,14.17408003884722,38.59919507388473,24.425115035037507,Well,Well
Ho Man Tin Estate,Kowloon City,22.31826,114.18113,4700,12690,7.938549796818943,7.938549796818943,0.0,Well,Well
Shun Tin Estate,Kwun Tong,22.32656,114.2259,7000,18900,51.310254119594006,97.73614493885397,46.42589081925996,Well,Well
Chung On Estate,Sha Tin,22.4223,114.22616,2700,7290,23.875541668068752,23.875541668068752,0.0,Well,Well
Cheung Hong Estate,Kwai Tsing,22.35003,114.10561,8400,22680,6.537992657681916,6.537992657681916,0.0,Well,Well
Un Chau Estate,Sham Shui Po,22.33665,114.15599,7800,21060,28.671291590594887,28.671291590594887,0.0,Well,Well
Tai Yuen Estate,Tai Po,22.45496,114.16897,4900,13230,49.130248376375846,75.94897050837473,26.818722131998882,Well,Well
Lower Wong Tai Sin (1) Estate,Wong Tai Sin,22.33921,114.1948,900,2430,17.59995372211754,138.10403247522825,120.50407875311072,Well,Well
Tung Tau (II) Estate,Wong Tai Sin,22.33306,114.19336,1300,3510,101.9107032806162,107.74774804475167,5.83704476413547,Well,Well
Upper Wong Tai Sin Estate,Wong Tai Sin,22.3427,114.1927,4900,13230,29.241757665078897,79.06533834024691,49.82358067516802,Well,Well
Po Lam Estate,Sai Kung,22.32592,114.25309,900,2430,186.0043831586806,186.0043831586806,0.0,Well,Well
Tsz Ching Estate,Wong Tai Sin,22.34989,114.20263,8100,21870,2.758946941301942,2.758946941301942,0.0,Well,Well
Sheung Tak Estate,Sai Kung,22.31064,114.25768,5600,15120,13.54279688735524,13.54279688735524,0.0,Well,Well
Tsz Hong Estate,Wong Tai Sin,22.34727,114.20305,2000,5400,41.952976703816134,41.952976703816134,0.0,Well,Well
Tsz Man Estate,Wong Tai Sin,22.34817,114.20383,2000,5400,21.60587768831865,38.07718481526813,16.471307126949483,Well,Well
Tsui Lam Estate,Sai Kung,22.32348,114.24827,700,1890,24.388375372274975,58.39828231251205,34.00990694023707,Well,Well
Ming Tak Estate,Sai Kung,22.31611,114.26903,1500,4050,12.792857026679686,12.792857026679686,0.0,Well,Well
Chun Shek Estate,Sha Tin,22.37367,114.18704,2100,5670,14.540270328879041,14.540270328879041,0.0,Well,Well
Heng On Estate,Sha Tin,22.41583,114.22905,300,810,128.46460010705755,152.05593416436724,23.591334057309695,Well,Well
Kwai Shing East Estate,Kwai Tsing,22.36331,114.1287,6300,17010,55.14419039151136,55.14419039151136,0.0,Well,Well
Hin Keng Estate,Sha Tin,22.36399,114.17324,300,810,62.096591583561036,62.096591583561036,0.0,Well,Well
On Yam Estate,Kwai Tsing,22.36947,114.14165,5300,14310,47.995307379789736,47.995307379789736,0.0,Well,Well
Lee On Estate,Sha Tin,22.4252,114.24137,3600,9720,58.1488761027809,58.1488761027809,0.0,Well,Well
Shek Lei (I) Estate,Kwai Tsing,22.36252,114.13712,4900,13230,39.56231064482375,39.56231064482375,0.0,Well,Well
Tai Hing Estate,Tuen Mun,22.40436,113.97221,8600,23220,39.82122857313484,39.82122857313484,0.0,Well,Well
Cheung Wang Estate,Kwai Tsing,22.35639,114.09622,4300,11610,23.587368545155762,23.587368545155762,0.0,Well,Well
Easeful Court,Kwai Tsing,22.36007,114.10367,500,1350,18.576669834429694,18.576669834429694,0.0,Well,Well
Kwai Fong Estate,Kwai Tsing,22.35904,114.12857,6300,17010,61.75114669998338,61.75114669998338,0.0,Well,Well
Shek Wai Kok Estate,Tsuen Wan,22.37649,114.12467,6500,17550,19.867361545329533,19.867361545329533,0.0,Well,Well
Fu Heng Estate,Tai Po,22.45645,114.17074,1000,2700,53.18457768651413,53.18457768651413,0.0,Well,Well
Choi Fai Estate,Wong Tai Sin,22.33539,114.21799,1400,3780,9.150273240815919,24.152625730949072,15.002352490133154,Well,Well
Kwong Fuk Estate,Tai Po,22.44784,114.17392,6200,16740,9.414721791097785,9.414721791097785,0.0,Well,Well
Wan Hon Estate,Kwun Tong,22.3179,114.22325,1000,2700,39.2001788166136,48.6110540222764,9.410875205662798,Well,Well
Wo Lok Estate,Kwun Tong,22.31625,114.2275,1900,5130,35.4860135376473,35.4860135376473,0.0,Well,Well
Choi Wan (2) Estate,Wong Tai Sin,22.33373,114.21733,3000,8100,33.77327143365736,73.69877993867235,39.92550850501499,Well,Well
Grandeur Terrace,Yuen Long,22.46878,114.00239,4100,11070,18.756303361140187,18.756303361140187,0.0,Well,Well
Long Ping Estate,Yuen Long,22.44908,114.02275,1400,3780,118.26426182566118,118.26426182566118,0.0,Well,Well
Shui Pin Wai Estate,Yuen Long,22.44602,114.02027,2400,6480,44.5461096763063,44.5461096763063,0.0,Well,Well
Tin Chak Estate,Yuen Long,22.46726,113.99754,4000,10800,20.523884061571128,20.523884061571128,0.0,Well,Well
Tin Shui (1) Estate,Yuen Long,22.45565,113.99777,4600,12420,60.61946521507497,60.61946521507497,0.0,Well,Well
Tin Tsz Estate,Yuen Long,22.45261,114.00738,3300,8910,45.55725971586367,45.55725971586367,0.0,Well,Well
Tin Yiu (1) Estate,Yuen Long,22.44976,114.00506,4700,12690,23.241784592869703,23.241784592869703,0.0,Well,Well
Tin Wah Estate,Yuen Long,22.46069,113.99545,3700,9990,28.320270696550676,42.03745342717662,13.717182730625947,Well,Well
Choi Ha Estate,Kwun Tong,22.32603,114.21825,300,810,6.130093876444156,86.84457268611186,80.71447880966771,Well,Well
Tin Yan Estate,Yuen Long,22.46436,113.996,5600,15120,19.531186654531425,19.531186654531425,0.0,Well,Well
Tin Yat Estate,Yuen Long,22.46671,114.00015,3300,8910,29.141287364578012,29.141287364578012,0.0,Well,Well
Yan On Estate,Sha Tin,22.41395,114.22533,2600,7020,20.46632123089942,24.2984521752555,3.832130944356077,Well,Well
Tin Yiu (2) Estate,Yuen Long,22.45255,114.00374,3800,10260,20.301651381040926,20.301651381040926,0.0,Well,Well
Sau Mau Ping (South) Estate,Kwun Tong,22.32161,114.22982,4000,10800,85.7984625512488,85.7984625512488,0.0,Well,Well
Tin Yuet Estate,Yuen Long,22.46274,113.99939,4200,11340,30.826402839218705,30.826402839218705,0.0,Well,Well
Ko Yee Estate,Kwun Tong,22.29749,114.24145,1200,3240,59.56513907084817,59.56513907084817,0.0,Well,Well
Hing Tin Estate,Kwun Tong,22.31285,114.23877,200,540,16.776888418973517,238.86267891391412,222.0857904949406,Well,Well
Kai Tin Estate,Kwun Tong,22.30959,114.23492,2300,6210,5.29716695672219,5.29716695672219,0.0,Well,Well
Kai Yip Estate,Kwun Tong,22.32958,114.20913,4300,11610,28.433948329842913,28.433948329842913,0.0,Well,Well
Shan King Estate,Tuen Mun,22.39895,113.9663,3600,9720,21.299538098842753,31.248480292551577,9.948942193708824,Well,Well
Kwong Tin Estate,Kwun Tong,22.30332,114.23977,2500,6750,18.553050810628726,50.02965837145239,31.476607560823666,Well,Well
Lok Wah South Estate,Kwun Tong,22.32008,114.22222,7000,18900,2.338550435821053,2.338550435821053,0.0,Well,Well
Lok Wah North Estate,Kwun Tong,22.32222,114.22021,3000,8100,43.7751832158124,44.97131980567785,1.1961365898654535,Well,Well
On Tin Estate,Kwun Tong,22.30781,114.23545,700,1890,8.424286572353969,8.424286572353969,0.0,Well,Well
Ping Tin Estate,Kwun Tong,22.30603,114.23608,5700,15390,36.37834574103117,36.37834574103117,0.0,Well,Well
Po Tat Estate,Kwun Tong,22.31712,114.23779,7400,19980,15.352447230950336,34.07761008858941,18.725162857639074,Well,Well
Sau Mau Ping Estate,Kwun Tong,22.31621,114.23328,12500,33750,59.59575224021023,61.71812832725462,2.122376087044387,Well,Well
Shun On Estate,Kwun Tong,22.32928,114.22636,3000,8100,8.95478163103291,8.95478163103291,0.0,Well,Well
Tak Tin Estate,Kwun Tong,22.30976,114.23962,1500,4050,23.59462494083727,123.74232095481132,100.14769601397404,Well,Well
Tsui Ping (North) Estate,Kwun Tong,22.31555,114.22915,2200,5940,9.594297357394304,105.90233961060987,96.30804225321558,Well,Well
Tsui Ping (South) Estate,Kwun Tong,22.312977,114.23423,4900,13230,66.02272687002989,66.02272687002989,0.0,Well,Well
Sheung Lok Estate,Kowloon City,22.32014,114.1813,400,1080,12.691237521986405,13.26261849987033,0.5713809778839245,Well,Well
Pok Hong Estate,Sha Tin,22.37493,114.19191,600,1620,91.6270204909466,91.6270204909466,0.0,Well,Well
Cheung Shan Estate,Tsuen Wan,22.37898,114.13121,1600,4320,2.592064108087891,2.592064108087891,0.0,Well,Well
Shek Kip Mei Estate,Sham Shui Po,22.33266,114.1653,10800,29160,40.92411059819461,40.92411059819461,0.0,Well,Well
Pak Tin Estate,Sham Shui Po,22.33717,114.16755,9300,25110,47.460273851492715,51.328668325695354,3.8683944742026384,Well,Well
Nam Shan Estate,Sham Shui Po,22.33446,114.17122,2900,7830,32.91153927277338,66.9792278198726,34.06768854709922,Well,Well
Tin Wan Estate,Southern,22.25198,114.15047,3200,8640,7.241478624269029,7.241478624269029,0.0,Well,Well
On Ting Estate,Tuen Mun,22.3879,113.97684,5100,13770,10.51585088802025,31.80469175968963,21.28884087166938,Well,Well
Fortune Estate,Sham Shui Po,22.33548,114.15388,2100,5670,26.91586372574202,36.75533390334736,9.839470177605342,Well,Well
Butterfly Estate,Tuen Mun,22.37593,113.96182,5400,14580,7.239173367558768,7.239173367558768,0.0,Well,Well
Tin Ching Estate,Yuen Long,22.4629,114.00347,6200,16740,25.902130126708855,25.902130126708855,0.0,Well,Well
Tin Heng Estate,Yuen Long,22.47059,113.99895,5800,15660,7.836100207381924,7.836100207381924,0.0,Well,Well
Tin Shui (2) Estate,Yuen Long,22.45439,113.99914,3200,8640,17.94750454898457,17.94750454898457,0.0,Well,Well
Sai Wan Estate,Central & Western,22.28096,114.12521,600,1620,37.990451379541106,56.987806814724884,18.997355435183778,Well,Well
Hing Tung Estate,Eastern,22.28155,114.21929,2100,5670,6.004925805930178,6.004925805930178,0.0,Well,Well
Choi Hung Estate,Wong Tai Sin,22.33394,114.20742,7400,19980,107.43799057971181,107.43799057971181,0.0,Well,Well
High Prosperity Terrace,Kwai Tsing,22.36482,114.12277,800,2160,9.522789985603882,17.043526618706487,7.520736633102604,Well,Well
Tsz Lok Estate,Wong Tai Sin,22.34891,114.19884,6200,16740,7.730133429007335,7.730133429007335,0.0,Well,Well
Kwong Yuen Estate,Sha Tin,22.38123,114.21415,700,1890,6.135633976053908,72.16750180581818,66.03186782976427,Well,Well
Lek Yuen Estate,Sha Tin,22.38474,114.19059,3200,8640,94.73249081749644,94.73249081749644,0.0,Well,Well
Ma Tau Wai Estate,Kowloon City,22.32392,114.1866,2100,5670,21.724224562740314,77.43132036229136,55.70709579955104,Well,Well
Shek Yam Estate,Kwai Tsing,22.37166,114.13921,2700,7290,26.29352455386923,48.46961773242841,22.17609317855918,Well,Well
Chak On Estate,Sham Shui Po,22.33966,114.16472,1900,5130,71.64696048157597,71.64696048157597,0.0,Well,Well
Cheung Lung Wai Estate,North,22.49495,114.12351,1400,3780,14.761975326806379,28.621562600845465,13.859587274039086,Well,Well
Long Ching Estate,Yuen Long,22.446522,114.02864,400,1080,7.335436772262011,7.335436772262011,0.0,Well,Well
Lei Yue Mun Estate,Kwun Tong,22.29491,114.23978,3600,9720,66.64574892755357,66.64574892755357,0.0,Well,Well
Shun Lee Estate,Kwun Tong,22.33163,114.22553,4500,12150,23.805337024041247,23.805337024041247,0.0,Well,Well
Yee Ming Estate,Sai Kung,22.30624,114.26326,2100,5670,30.69048942692441,30.69048942692441,0.0,Well,Well
Shui Chuen O Estate,Sha Tin,22.37212,114.19826,11100,29970,35.48592128827976,35.48592128827976,0.0,Well,Well
Lung Yat Estate,Tuen Mun,22.386862,113.96761,1000,2700,7.444484527299792,7.950441915266025,0.5059573879662329,Well,Well
Fung Wo Estate,Sha Tin,22.387539,114.193375,1600,4320,19.444893722593015,19.444893722593015,0.0,Well,Well
Po Heung Estate,Tai Po,22.447039,114.16543,500,1350,6.791018361881924,31.63024646362957,24.839228101747647,Well,Well
So Uk Estate,Sham Shui Po,22.34159,114.15684,7000,18900,9.808510317603439,72.1166561096836,62.30814579208017,Well,Well
Wah Ha Estate,Eastern,22.264769,114.23649,200,540,4.110682838432947,7.2247425846397935,3.1140597462068467,Well,Well
Cheung Sha Wan Estate,Sham Shui Po,22.3346,114.15634,1400,3780,13.743316713680336,21.72775949951404,7.9844427858337035,Well,Well
Hung Fuk Estate,Yuen Long,22.43776,113.99781,4900,13230,8.541258823976284,80.31649654934046,71.77523772536418,Well,Well
Tung Wui Estate,Wong Tai Sin,22.332422,114.19376,2400,6480,20.532056752183195,41.03912287526997,20.507066123086773,Well,Well
Kwai Luen Estate,Kwai Tsing,22.36264,114.12528,3000,8100,18.091880339434933,18.091880339434933,0.0,Well,Well
On Tat Estate,Kwun Tong,22.32121,114.23523,9400,25380,38.44807224897183,38.44807224897183,0.0,Well,Well
Ying Tung Estate,Islands,22.296284,113.952385,3600,9720,76.95939455869288,91.5087611442004,14.549366585507528,Well,Well
Yan Tin Estate,Tuen Mun,22.414415,113.97557,4700,12690,34.43070527716374,34.43070527716374,0.0,Well,Well
Kwai Tsui Estate,Kwai Tsing,22.355677,114.12873,900,2430,33.963470448038414,72.36918724924791,38.4057168012095,Well,Well
Long Shin Estate,Yuen Long,22.442337,114.04498,1200,3240,66.0022276455403,66.0022276455403,0.0,Well,Well
On Tai Estate,Kwun Tong,22.327152,114.22902,8600,23220,38.25058469726123,38.25058469726123,0.0,Well,Well
Lin Tsui Estate,Eastern,22.26093,114.236145,300,810,8.817519708544388,95.97260537731972,87.15508566877534,Well,Well
Mun Tung Estate,Islands,22.276863,113.93296,3900,10530,1.890313753004913,1.890313753004913,0.0,Well,Well
Hoi Ying Estate,Sham Shui Po,22.32841,114.1484,1300,3510,4.896899662968175,4.896899662968175,0.0,Well,Well
Po Shek Wu Estate,North,22.503332,114.12431,1100,2970,13.433236475461085,19.620718600401137,6.187482124940052,Well,Well
Shek Yam East Estate,Kwai Tsing,22.3727,114.13965,2400,6480,5.429814016491023,10.584375370511122,5.154561354020099,Well,Well
Kai Chuen Court,Wong Tai Sin,22.3396,114.1999,1000,2700,21.976833146258393,126.33815365158996,104.36132050533158,Well,Well
Lai Tsui Court,Sham Shui Po,22.334057,114.15447,1300,3510,60.54380028836471,66.02830264652434,5.484502358159631,Well,Well
Fai Ming Estate,North,22.4811,114.1361,1000,2700,6.264165390924437,6.264165390924437,0.0,Well,Well
Hoi Tat Estate,Sham Shui Po,22.33005,114.14964,3300,8910,8.050894839688892,8.050894839688892,0.0,Well,Well
Chun Yeung Estate,Sha Tin,22.3993,114.1886,4800,12960,33.8818514056091,33.8818514056091,0.0,Well,Well
Hin Fat Estate,Tuen Mun,22.389,113.98071,900,2430,74.68436893227646,110.38849082145516,35.70412188917871,Well,Well
Yip Wong Estate,Tuen Mun,22.38778,113.96886,3300,8910,79.26968012505931,79.26968012505931,0.0,Well,Well
Fu Tip Estate,Tai Po,22.46125,114.17308,7400,19980,10.564017829673578,34.29763838822044,23.733620558546864,Well,Well
Queens Hill Estate,North,22.50422,114.15693,8900,24030,11.893425815361743,63.19790423283179,51.304478417470044,Well,Well
Wo Tin Estate,Tuen Mun,22.41427,113.96867,4200,11340,26.539642881498402,26.539642881498402,0.0,Well,Well
Ching Tin Estate,Tuen Mun,22.412277,113.97133,5200,14040,15.429791616491238,46.47072300624245,31.040931389751215,Well,Well
Cheung Tung Estate,Islands,22.298462,113.95334,4800,12960,194.15164215942005,194.15164215942005,0.0,Well,Well
Choi Shek Estate,North,22.50547,114.12382,2900,7830,115.18441413437388,115.18441413437388,0.0,Well,Well
