estate,district,lat,lon,flats,population,dist_glass,dist_textiles,dist_hazardous,dist_batteries,dist_ewaste,district_vulnerability,nearest_hub_distance_m,dist_glass_after,dist_textiles_after,dist_hazardous_after,dist_batteries_after,dist_ewaste_after
Tak Long Estate,Kowloon City,22.330105,114.2031,8200,22140,107.361463648628,767.9625954429065,107.361463648628,107.361463648628,107.361463648628,0.797176650828884,271.39188313794085,107.361463648628,271.39188313794085,107.361463648628,107.361463648628,107.361463648628
Kai Ching Estate,Kowloon City,22.33254,114.20292,5200,14040,318.446962927104,847.8905403034832,318.446962927104,168.06055957075748,123.33396763134988,0.797176650828884,0.0,0.0,0.0,0.0,0.0,0.0
Choi Fook Estate,Kwun Tong,22.328026,114.21717,4500,12150,167.51009486198978,791.2560926490231,167.51009486198978,167.51009486198978,167.51009486198978,0.4964709029810196,1549.2647526607611,167.51009486198978,791.2560926490231,167.51009486198978,167.51009486198978,167.51009486198978
Ching Ho Estate,North,22.49311,114.12577,7200,19440,193.00943100460196,715.0820972993257,193.00943100460196,5.180577332340486,193.00943100460196,0.6075708532536184,3431.2275243400695,193.00943100460196,715.0820972993257,193.00943100460196,5.180577332340486,193.00943100460196
Hin Yiu Estate,Sha Tin,22.36692,114.17457,800,2160,273.4677533213918,45.102882880780676,559.8272287275198,457.4814792122158,521.3952746747642,0.6508778390990247,3123.337344498323,273.4677533213918,45.102882880780676,559.8272287275198,457.4814792122158,521.3952746747642
Mei Tin Estate,Sha Tin,22.37569,114.17018,6700,18090,390.666670268454,668.8403009199375,420.57275068421154,420.57275068421154,420.57275068421154,0.6508778390990247,3045.058608170262,390.666670268454,668.8403009199375,420.57275068421154,420.57275068421154,420.57275068421154
Cheung Ching Estate,Kwai Tsing,22.34968,114.10681,6400,17280,125.7503455200269,102.91868479398231,125.7503455200269,103.09218494424493,125.7503455200269,0.1635933757904977,4112.192257988765,125.7503455200269,102.91868479398231,125.7503455200269,103.09218494424493,125.7503455200269
Fu Shan Estate,Wong Tai Sin,22.34274,114.20913,2300,6210,108.13252388541328,987.4296063246738,108.13252388541328,108.13252388541328,108.13252388541328,0.4953152685747593,1301.6627019442121,108.13252388541328,987.4296063246738,108.13252388541328,108.13252388541328,108.13252388541328
Tai Hang Tung Estate,Sham Shui Po,22.33268,114.17167,2100,5670,321.4495170290129,527.1912019134465,400.5311742677193,210.36017310196226,400.5311742677193,0.572474461183177,1735.1482094717437,321.4495170290129,527.1912019134465,400.5311742677193,210.36017310196226,400.5311742677193
Choi Tak Estate,Kwun Tong,22.3301,114.21279,5800,15660,92.9960157940643,498.37301967491567,74.20807715098579,92.9960157940643,92.9960157940643,0.4964709029810196,1050.8145511808048,92.9960157940643,498.37301967491567,74.20807715098579,92.9960157940643,92.9960157940643
Lei Muk Shue (1) Estate,Tsuen Wan,22.37706,114.13539,2300,6210,194.36651950497696,793.4871257819642,154.4619467408837,194.36651950497696,194.36651950497696,0.8928571428568196,479.89691221359124,194.36651950497696,479.89691221359124,154.4619467408837,194.36651950497696,194.36651950497696
Lei Muk Shue (2) Estate,Tsuen Wan,22.37851,114.13444,4300,11610,31.085057199394733,980.6027450345337,31.085057199394733,31.085057199394733,31.085057199394733,0.8928571428568196,336.1972012623136,31.085057199394733,336.1972012623136,31.085057199394733,31.085057199394733,31.085057199394733
Lei Muk Shue Estate,Tsuen Wan,22.37906,114.13627,3900,10530,168.85672158368337,976.69620522312,134.6955071332735,168.85672158368337,168.85672158368337,0.8928571428568196,520.3469493716732,168.85672158368337,520.3469493716732,134.6955071332735,168.85672158368337,168.85672158368337
Ka Fuk Estate,North,22.49267,114.13489,2000,5400,104.14923754790928,75.78887165081507,104.14923754790928,0.778364486406613,104.14923754790928,0.6075708532536184,2603.090284131227,104.14923754790928,75.78887165081507,104.14923754790928,0.778364486406613,104.14923754790928
Upper Ngau Tau Kok Estate,Kwun Tong,22.31868,114.21725,6700,18090,125.8530939735656,594.0281679547957,125.8530939735656,125.8530939735656,125.8530939735656,0.4964709029810196,1671.655226250839,125.8530939735656,594.0281679547957,125.8530939735656,125.8530939735656,125.8530939735656
Yue Wan Estate,Eastern,22.26582,114.242,3000,8100,54.445308490414774,257.089727283885,54.445308490414774,54.445308490414774,54.445308490414774,0.08345532267957173,5674.483483125755,54.445308490414774,257.089727283885,54.445308490414774,54.445308490414774,54.445308490414774
Fu Tung Estate,Islands,22.28692,113.94148,1700,4590,208.3287022988264,198.855627463627,208.3287022988264,117.69450031987766,208.3287022988264,0.3895043047188248,1770.888077151123,208.3287022988264,198.855627463627,208.3287022988264,117.69450031987766,208.3287022988264
Nga Ning Court,Islands,22.20359,114.02734,400,1080,125.19950581667091,339.8144481083874,503.74259058311895,503.74259058311895,339.8144481083874,0.3895043047188248,12493.082071358253,125.19950581667091,339.8144481083874,503.74259058311895,503.74259058311895,339.8144481083874
Kam Peng Estate,Islands,22.28714,114.03718,300,810,256.47463527770725,255.5995240702018,256.47463527770725,212.9820485607642,256.47463527770725,0.3895043047188248,8717.177124789952,256.47463527770725,255.5995240702018,256.47463527770725,212.9820485607642,256.47463527770725
Yat Tung (1) Estate,Islands,22.28055,113.93639,5600,15120,27.817767269275514,328.69129535486735,27.817767269275514,27.817767269275514,27.817767269275514,0.3895043047188248,2647.3066270016398,27.817767269275514,328.69129535486735,27.817767269275514,27.817767269275514,27.817767269275514
Yat Tung (2) Estate,Islands,22.28247,113.93458,6400,17280,262.2671165043751,373.04566390264625,64.91753734522727,100.53094951379336,262.2671165043751,0.3895043047188248,2624.4083795712977,262.2671165043751,373.04566390264625,64.91753734522727,100.53094951379336,262.2671165043751
Cheung Fat Estate,Kwai Tsing,22.36314,114.10348,600,1620,220.70773357621087,54.245342460219725,220.70773357621087,76.65594101689192,220.70773357621087,0.1635933757904977,3351.505877440297,220.70773357621087,54.245342460219725,220.70773357621087,76.65594101689192,220.70773357621087
Lower Ngau Tau Kok Estate,Kwun Tong,22.321114,114.21527,4800,12960,114.26294938102443,756.7603954694583,213.66654098160075,206.3667875849296,213.66654098160075,0.4964709029810196,1796.631160006823,114.26294938102443,756.7603954694583,213.66654098160075,206.3667875849296,213.66654098160075
Wang Tau Hom Estate,Wong Tai Sin,22.3409,114.18601,5900,15930,196.65710094316248,836.6522557811832,280.400398499939,280.400398499939,117.04133263363846,0.4953152685747593,0.0,0.0,0.0,0.0,0.0,0.0
Cheung Hang Estate,Kwai Tsing,22.35723,114.0983,4400,11880,187.64269751614583,430.83475954931237,187.64269751614583,52.706976778293445,187.64269751614583,0.1635933757904977,4159.45998746796,187.64269751614583,430.83475954931237,187.64269751614583,52.706976778293445,187.64269751614583
Cheung On Estate,Kwai Tsing,22.35992,114.10435,600,1620,161.31893949030092,399.57973582898614,161.31893949030092,161.31893949030092,161.31893949030092,0.1635933757904977,3481.391538767026,161.31893949030092,399.57973582898614,161.31893949030092,161.31893949030092,161.31893949030092
Yau Lai Estate,Kwun Tong,22.30194,114.23627,9000,24300,306.06910573183154,351.97804512611236,306.06910573183154,306.06910573183154,306.06910573183154,0.4964709029810196,1616.2891073728445,306.06910573183154,351.97804512611236,306.06910573183154,306.06910573183154,306.06910573183154
Ap Lei Chau Estate,Southern,22.24443,114.15216,4500,12150,160.47937991545686,202.0373888211447,160.47937991545686,155.5214452967319,160.47937991545686,0.5164492260702831,1725.0429127532798,160.47937991545686,202.0373888211447,160.47937991545686,155.5214452967319,160.47937991545686
Lei Tung Estate,Southern,22.24077,114.15697,1100,2970,440.26167092119437,431.2035685315504,481.90578518820934,52.026970362081876,481.90578518820934,0.5164492260702831,2354.3287738725026,440.26167092119437,431.2035685315504,481.90578518820934,52.026970362081876,481.90578518820934
Fuk Loi Estate,Tsuen Wan,22.37442,114.11204,3100,8370,54.34175099878064,363.16186824128846,54.34175099878064,54.34175099878064,54.34175099878064,0.8928571428568196,2035.271168351158,54.34175099878064,363.16186824128846,54.34175099878064,54.34175099878064,54.34175099878064
Wu King Estate,Tuen Mun,22.37652,113.96507,4400,11880,295.5662315092783,359.5970555007398,295.5662315092783,223.6408397199486,295.5662315092783,0.2468510574009941,8763.09812406956,295.5662315092783,359.5970555007398,295.5662315092783,223.6408397199486,295.5662315092783
Lam Tin Estate,Kwun Tong,22.31041,114.23588,3000,8100,208.25009656811525,720.1271435559137,208.25009656811525,208.25009656811525,208.25009656811525,0.4964709029810196,698.1903245928256,208.25009656811525,698.1903245928256,208.25009656811525,208.25009656811525,208.25009656811525
Mei Tung Estate,Wong Tai Sin,22.33314,114.19014,1800,4860,75.94599278623221,289.94758755708466,75.94599278623221,75.94599278623221,75.94599278623221,0.4953152685747593,961.7608157425246,75.94599278623221,289.94758755708466,75.94599278623221,75.94599278623221,75.94599278623221
Hing Wah (1) Estate,Eastern,22.26217,114.23554,2300,6210,138.33144881486223,155.6532542353786,138.33144881486223,57.4587049204832,138.33144881486223,0.08345532267957173,6013.4710290763605,138.33144881486223,155.6532542353786,138.33144881486223,57.4587049204832,138.33144881486223
Cheung Kwai Estate,Islands,22.21394,114.02526,500,1350,750.004863293318,864.7073965583526,750.004863293318,679.2404369136706,750.004863293318,0.3895043047188248,11962.867360211048,750.004863293318,864.7073965583526,750.004863293318,679.2404369136706,750.004863293318
Hing Wah (2) Estate,Eastern,22.26236,114.23359,3600,9720,72.11148755116643,334.4620392600838,72.11148755116643,72.11148755116643,72.11148755116643,0.08345532267957173,5987.931744551801,72.11148755116643,334.4620392600838,72.11148755116643,72.11148755116643,72.11148755116643
Hong Tung Estate,Eastern,22.28436,114.22232,500,1350,222.72930230199034,203.58912071234033,373.0734047719879,188.1224529655167,373.0734047719879,0.08345532267957173,3716.718875198002,222.72930230199034,203.58912071234033,373.0734047719879,188.1224529655167,373.0734047719879
Model Housing Estate,Eastern,22.29103,114.20824,700,1890,123.29831122173935,680.4318914605801,123.29831122173935,115.46725276607981,123.29831122173935,0.08345532267957173,3804.6317132134627,123.29831122173935,680.4318914605801,123.29831122173935,115.46725276607981,123.29831122173935
Oi Tung Estate,Eastern,22.28173,114.22737,3900,10530,184.24519306147053,211.7199365830392,304.56686519010856,93.91649699829787,304.56686519010856,0.08345532267957173,3881.9130681352117,184.24519306147053,211.7199365830392,304.56686519010856,93.91649699829787,304.56686519010856
Siu Sai Wan Estate,Eastern,22.26133,114.24849,6100,16470,222.8878916196615,238.70308449444647,151.7381183819781,222.8878916196615,222.8878916196615,0.08345532267957173,6299.83762076169,222.8878916196615,238.70308449444647,151.7381183819781,222.8878916196615,222.8878916196615
Tsui Lok Estate,Eastern,22.26748,114.24037,300,810,258.38787292675767,313.48247905140465,258.38787292675767,258.38787292675767,258.38787292675767,0.08345532267957173,5467.408372632087,258.38787292675767,313.48247905140465,258.38787292675767,258.38787292675767,258.38787292675767
Tsui Wan Estate,Eastern,22.26825,114.24061,300,810,326.45546990751575,402.27618592015637,326.45546990751575,326.45546990751575,326.45546990751575,0.08345532267957173,5385.967463826908,326.45546990751575,402.27618592015637,326.45546990751575,326.45546990751575,326.45546990751575
Wan Tsui Estate,Eastern,22.26278,114.2392,3700,9990,95.37439792159815,223.46264980298878,95.37439792159815,95.37439792159815,95.37439792159815,0.08345532267957173,5972.285185224245,95.37439792159815,223.46264980298878,95.37439792159815,95.37439792159815,95.37439792159815
Yiu Tung Estate,Eastern,22.27812,114.2252,5200,14040,206.78816543646982,308.4424764611768,136.57461556084996,95.30837811760962,206.78816543646982,0.08345532267957173,4316.220359350189,206.78816543646982,308.4424764611768,136.57461556084996,95.30837811760962,206.78816543646982
Sun Chui Estate,Sha Tin,22.36916,114.18233,6600,17820,156.00587772097902,702.2345199384391,65.26527368962213,113.13749645475339,279.5355548202228,0.6508778390990247,2588.8911964762233,156.00587772097902,702.2345199384391,65.26527368962213,113.13749645475339,279.5355548202228
Sun Tin Wai Estate,Sha Tin,22.37049,114.18734,3400,9180,430.55378803889226,875.4396807201271,467.19155639045863,311.25854427707213,403.7352267894683,0.6508778390990247,2206.243533751769,430.55378803889226,875.4396807201271,467.19155639045863,311.25854427707213,403.7352267894683
Po Tin Estate,Tuen Mun,22.41024,113.96667,4200,11340,241.4091584861896,188.92944005684143,82.86405808326117,241.4091584861896,241.4091584861896,0.2468510574009941,12504.51433479736,241.4091584861896,188.92944005684143,82.86405808326117,241.4091584861896,241.4091584861896
Wo Che Estate,Sha Tin,22.388493,114.19636,6300,17010,438.55102262304194,804.1056430563298,133.44495520955053,170.9040288074312,438.55102262304194,0.6508778390990247,0.0,0.0,0.0,0.0,0.0,0.0
Sam Shing Estate,Tuen Mun,22.38107,113.97811,1800,4860,25.920260679571903,472.0819940931781,25.920260679571903,25.920260679571903,25.920260679571903,0.2468510574009941,9532.325148947522,25.920260679571903,472.0819940931781,25.920260679571903,25.920260679571903,25.920260679571903
Yiu On Estate,Sha Tin,22.41887,114.23029,500,1350,562.6645034747015,399.9620432331341,562.6645034747015,338.46517746299264,562.6645034747015,0.6508778390990247,4855.511136236099,562.6645034747015,399.9620432331341,562.6645034747015,338.46517746299264,562.6645034747015
Wing Cheong Estate,Sham Shui Po,22.32916,114.15537,1500,4050,43.78260075410649,816.2942167208944,43.78260075410649,43.78260075410649,43.78260075410649,0.572474461183177,96.0452287630578,43.78260075410649,96.0452287630578,43.78260075410649,43.78260075410649,43.78260075410649
Choi Yuen Estate,North,22.50167,114.12579,5100,13770,106.38938172285755,313.21529475362894,106.38938172285755,106.38938172285755,106.38938172285755,0.6075708532536184,3211.508210210841,106.38938172285755,313.21529475362894,106.38938172285755,106.38938172285755,106.38938172285755
Tai Ping Estate,North,22.49797,114.12668,100,270,344.2880516956699,453.26340220577015,344.2880516956699,288.521678740203,344.2880516956699,0.6075708532536184,3184.3416505891028,344.2880516956699,453.26340220577015,344.2880516956699,288.521678740203,344.2880516956699
Tin Ping Estate,North,22.50348,114.13229,500,1350,107.74574071456355,265.53150044005775,107.74574071456355,107.74574071456355,107.74574071456355,0.6075708532536184,2532.5514881549666,107.74574071456355,265.53150044005775,107.74574071456355,107.74574071456355,107.74574071456355
Wah Ming Estate,North,22.48455,114.14015,700,1890,181.72622889450471,899.9852544386745,124.77321350448668,132.07398462583635,181.72622889450471,0.6075708532536184,2784.899233332464,181.72622889450471,899.9852544386745,124.77321350448668,132.07398462583635,181.72622889450471
Wah Sum Estate,North,22.48584,114.14325,1500,4050,185.053412006325,757.8056036639786,185.053412006325,185.053412006325,185.053412006325,0.6075708532536184,2480.3496000929804,185.053412006325,757.8056036639786,185.053412006325,185.053412006325,185.053412006325
Yung Shing Court,North,22.48264,114.13775,1700,4590,169.24755306837378,1089.0382230104526,169.24755306837378,169.24755306837378,169.24755306837378,0.6075708532536184,3104.9577077644976,169.24755306837378,1089.0382230104526,169.24755306837378,169.24755306837378,169.24755306837378
Ma Hang Estate,Southern,22.22169,114.20701,900,2430,312.81346813958027,107.9156365698591,592.470509888871,379.04568531044015,592.470509888871,0.5164492260702831,7909.698664884687,312.81346813958027,107.9156365698591,592.470509888871,379.04568531044015,592.470509888871
Shek Pai Wan Estate,Southern,22.24933,114.15726,5300,14310,35.96590297015603,53.11932332738797,35.96590297015603,35.96590297015603,35.96590297015603,0.5164492260702831,2079.1922940648155,35.96590297015603,53.11932332738797,35.96590297015603,35.96590297015603,35.96590297015603
Wah Fu (I) Estate,Southern,22.25017,114.13744,4800,12960,71.93490844582541,1338.5938346221624,8.233222681888789,0.8883346093864691,71.93490844582541,0.5164492260702831,138.27156060257693,71.93490844582541,138.27156060257693,8.233222681888789,0.8883346093864691,71.93490844582541
Wah Fu (II) Estate,Southern,22.25139,114.13718,4300,11610,119.30066839637233,1203.250253405229,119.30066839637233,88.0164819926589,119.30066839637233,0.5164492260702831,0.0,0.0,0.0,0.0,0.0,0.0
Wah Kwai Estate,Southern,22.25011,114.14024,800,2160,357.3782702929648,1129.5558634977567,280.009124705923,187.17793728392476,357.3782702929648,0.5164492260702831,345.5892890358094,345.5892890358094,345.5892890358094,280.009124705923,187.17793728392476,345.5892890358094
Oi Man Estate,Kowloon City,22.31313,114.17884,6300,17010,240.72164864480575,539.113260735487,767.7204874778631,99.78957519344205,767.7204874778631,0.797176650828884,3025.609503716616,240.72164864480575,539.113260735487,767.7204874778631,99.78957519344205,767.7204874778631
Hoi Fu Court,Yau Tsim Mong,22.31686,114.16454,2800,7560,242.1358357009283,199.55084031042435,281.00927350835457,182.74767054421739,281.00927350835457,0.002530346473102971,1655.884995522048,242.1358357009283,199.55084031042435,281.00927350835457,182.74767054421739,281.00927350835457
Chai Wan Estate,Eastern,22.26364,114.24197,1600,4320,95.8088408509607,252.15329957096301,95.8088408509607,95.8088408509607,95.8088408509607,0.08345532267957173,5913.497349739622,95.8088408509607,252.15329957096301,95.8088408509607,95.8088408509607,95.8088408509607
Fung Wah Estate,Eastern,22.2611,114.23152,300,810,324.8074664866136,579.4384068330628,324.8074664866136,324.8074664866136,324.8074664866136,0.08345532267957173,6130.62729761207,324.8074664866136,579.4384068330628,324.8074664866136,324.8074664866136,324.8074664866136
Hing Man Estate,Eastern,22.26646,114.23257,2000,5400,285.2176964177372,579.5930751723944,285.2176964177372,285.2176964177372,285.2176964177372,0.08345532267957173,5532.429874570868,285.2176964177372,579.5930751723944,285.2176964177372,285.2176964177372,285.2176964177372
Cheung Wah Estate,North,22.49219,114.1419,900,2430,100.81164747060124,39.36986845458972,100.81164747060124,100.81164747060124,100.81164747060124,0.6075708532536184,2042.9155528873546,100.81164747060124,39.36986845458972,100.81164747060124,100.81164747060124,100.81164747060124
Tai Wo Estate,Tai Po,22.45201,114.16259,1000,2700,96.70387891855215,113.94038343242737,96.70387891855215,96.70387891855215,96.70387891855215,0.2600838573192465,1253.2900067190235,96.70387891855215,113.94038343242737,96.70387891855215,96.70387891855215,96.70387891855215
Choi Ming Court,Sai Kung,22.30682,114.25311,2800,7560,63.30205229380938,180.10072282681764,63.30205229380938,63.30205229380938,63.30205229380938,0.09761167188461617,2291.6021475688794,63.30205229380938,180.10072282681764,63.30205229380938,63.30205229380938,63.30205229380938
Wan Tau Tong Estate,Tai Po,22.44275,114.16876,300,810,79.68923013574786,524.5482308046555,79.68923013574786,79.68923013574786,79.68923013574786,0.2600838573192465,775.5989990561901,79.68923013574786,524.5482308046555,79.68923013574786,79.68923013574786,79.68923013574786
Choi Wan (I) Estate,Wong Tai Sin,22.33301,114.21512,5900,15930,39.08192475083744,259.23191660758135,39.08192475083744,39.08192475083744,39.08192475083744,0.4953152685747593,1255.9124192904055,39.08192475083744,259.23191660758135,39.08192475083744,39.08192475083744,39.08192475083744
Chuk Yuen (North) Estate,Wong Tai Sin,22.34581,114.19293,700,1890,119.32190511568076,510.36778278655436,119.32190511568076,119.32190511568076,119.32190511568076,0.4953152685747593,896.9924562891292,119.32190511568076,510.36778278655436,119.32190511568076,119.32190511568076,119.32190511568076
Chuk Yuen South Estate,Wong Tai Sin,22.34463,114.19064,6200,16740,80.826934490299,540.6071607706339,80.826934490299,80.826934490299,80.826934490299,0.4953152685747593,631.4846173737208,80.826934490299,540.6071607706339,80.826934490299,80.826934490299,80.826934490299
Lower Wong Tai Sin (2) Estate,Wong Tai Sin,22.33989,114.19119,6700,18090,247.19663136803428,328.1813558581813,247.19663136803428,200.11853225298896,247.19663136803428,0.4953152685747593,544.4657208862259,247.19663136803428,328.1813558581813,247.19663136803428,200.11853225298896,247.19663136803428
Kin Ming Estate,Sai Kung,22.30644,114.25094,7000,18900,139.67203473726573,84.77524272817436,139.67203473726573,139.67203473726573,139.67203473726573,0.09761167188461617,2116.735494208009,139.67203473726573,84.77524272817436,139.67203473726573,139.67203473726573,139.67203473726573
Fung Tak Estate,Wong Tai Sin,22.34489,114.20121,800,2160,119.45975266697121,350.7286885489259,119.45975266697121,119.45975266697121,119.45975266697121,0.4953152685747593,1384.4736460864738,119.45975266697121,350.7286885489259,119.45975266697121,119.45975266697121,119.45975266697121
King Lam Estate,Sai Kung,22.31986,114.26158,1000,2700,451.3785487322814,67.42555674788649,451.3785487322814,417.0664127984947,12.493694089708143,0.09761167188461617,2939.245388418978,451.3785487322814,67.42555674788649,451.3785487322814,417.0664127984947,12.493694089708143
Lok Fu Estate,Wong Tai Sin,22.33818,114.18666,3700,9990,78.19799439579559,831.3974760784262,78.19799439579559,5.003771698985027,78.19799439579559,0.4953152685747593,309.75044101017227,78.19799439579559,309.75044101017227,78.19799439579559,5.003771698985027,78.19799439579559
Yau Oi Estate,Tuen Mun,22.38828,113.97354,9200,24840,281.8209511629005,312.0519556718783,300.23396674374607,300.23396674374607,300.23396674374607,0.2468510574009941,10201.09282592835,281.8209511629005,312.0519556718783,300.23396674374607,300.23396674374607,300.23396674374607
Shin Ming Estate,Sai Kung,22.30371,114.24983,2000,5400,224.61610769767677,312.59006600224586,224.61610769767677,224.61610769767677,224.61610769767677,0.09761167188461617,2197.839291359689,224.61610769767677,312.59006600224586,224.61610769767677,224.61610769767677,224.61610769767677
Tin King Estate,Tuen Mun,22.40587,113.96399,400,1080,540.8468226780783,190.3833510837709,485.6772871086197,168.79187022598558,540.8468226780783,0.2468510574009941,11993.33910868702,540.8468226780783,190.3833510837709,485.6772871086197,168.79187022598558,540.8468226780783
Tai Wo Hau Estate,Kwai Tsing,22.36743,114.12551,7900,21330,79.81286519951261,70.3423074484552,79.81286519951261,79.81286519951261,79.81286519951261,0.1635933757904977,1411.7166083350621,79.81286519951261,70.3423074484552,79.81286519951261,79.81286519951261,79.81286519951261
Lung Hang Estate,Sha Tin,22.36524,114.17843,4400,11880,171.82436427299174,395.38452878664066,351.3775197109602,351.3775197109602,293.2356860269485,0.6508778390990247,2816.5076196898967,171.82436427299174,395.38452878664066,351.3775197109602,351.3775197109602,293.2356860269485
Wah Lai Estate,Kwai Tsing,22.34257,114.13754,1400,3780,270.41438288629297,602.1202372271686,601.378264998392,391.7096101882346,601.378264998392,0.1635933757904977,2346.5908880132943,270.41438288629297,602.1202372271686,601.378264998392,391.7096101882346,601.378264998392
Tsing Yi Estate,Kwai Tsing,22.35465,114.1028,400,1080,273.14412637265605,110.30197168653929,265.14687747954406,56.57513364288953,273.14412637265605,0.1635933757904977,3981.64699982697,273.14412637265605,110.30197168653929,265.14687747954406,56.57513364288953,273.14412637265605
Kwai Hing Estate,Kwai Tsing,22.36625,114.13261,200,540,289.688620927661,639.6574222583183,289.688620927661,143.11507635584564,175.35971987525073,0.1635933757904977,1422.81258047097,289.688620927661,639.6574222583183,289.688620927661,143.11507635584564,175.35971987525073
Mei Lam Estate,Sha Tin,22.37777,114.17732,4100,11070,359.69120016294517,219.87524435531444,359.69120016294517,83.1703562548676,359.69120016294517,0.6508778390990247,2292.1697206322706,359.69120016294517,219.87524435531444,359.69120016294517,83.1703562548676,359.69120016294517
Shek Lei (II) Estate,Kwai Tsing,22.36752,114.1408,8400,22680,154.05781885202225,179.9952968456692,154.05781885202225,154.05781885202225,154.05781885202225,0.1635933757904977,1611.270992604269,154.05781885202225,179.9952968456692,154.05781885202225,154.05781885202225,154.05781885202225
Fu Tai Estate,Tuen Mun,22.41336,113.98469,5100,13770,102.49729985130313,1643.339896859851,102.49729985130313,102.49729985130313,102.49729985130313,0.2468510574009941,13176.568196663397,102.49729985130313,1643.339896859851,102.49729985130313,102.49729985130313,102.49729985130313
Kin Sang Estate,Tuen Mun,22.40605,113.96994,300,810,301.2717224522239,387.7645487978945,216.87937297115292,272.83663257169786,139.15388619298616,0.2468510574009941,12084.430100486052,301.2717224522239,387.7645487978945,216.87937297115292,272.83663257169786,139.15388619298616
Leung King Estate,Tuen Mun,22.40756,113.96332,1500,4050,525.807370634056,55.650387882344994,402.12217548873866,170.0412314833969,525.807370634056,0.2468510574009941,12174.482654297071,525.807370634056,55.650387882344994,402.12217548873866,170.0412314833969,525.807370634056
Sha Kok Estate,Sha Tin,22.3778,114.19328,6400,17280,237.60078634164552,207.15821201374345,237.60078634164552,52.155079786239504,214.42822226562666,0.6508778390990247,1230.4564023354958,237.60078634164552,207.15821201374345,237.60078634164552,52.155079786239504,214.42822226562666
Shek Mun Estate,Sha Tin,22.38669,114.20929,5000,13500,355.95358998215397,610.9796460046131,355.95358998215397,150.37860008426298,355.95358998215397,0.6508778390990247,1344.4175832243727,355.95358998215397,610.9796460046131,355.95358998215397,150.37860008426298,355.95358998215397
Yau Tong Estate,Kwun Tong,22.29744,114.23853,3600,9720,275.9441621611376,583.924592194514,165.40065092988584,146.05603710173278,275.9441621611376,0.4964709029810196,2155.875652960332,275.9441621611376,583.924592194514,165.40065092988584,146.05603710173278,275.9441621611376
Ngan Wan Estate,Islands,22.26514,113.99676,400,1080,327.94523317844545,214.79476533562027,409.9077646185504,163.98976310425905,409.9077646185504,0.3895043047188248,5804.1346811483945,327.94523317844545,214.79476533562027,409.9077646185504,163.98976310425905,409.9077646185504
Hau Tak Estate,Sai Kung,22.31876,114.26372,4200,11340,238.11639018014006,306.6844387821538,238.11639018014006,211.04955538632476,238.11639018014006,0.09761167188461617,3144.0453048041995,238.11639018014006,306.6844387821538,238.11639018014006,211.04955538632476,238.11639018014006
Lung Tin Estate,Islands,22.25282,113.86577,500,1350,73.41868643629483,155.3583898089441,357.4123158588929,357.4123158588929,73.41868643629483,0.3895043047188248,10341.61820658946,73.41868643629483,155.3583898089441,357.4123158588929,357.4123158588929,73.41868643629483
Hung Hom Estate,Kowloon City,22.30736,114.18906,2800,7560,185.5317038189641,378.03248028232827,215.68436432194184,190.29527820201136,215.68436432194184,0.797176650828884,3141.9703562429618,185.5317038189641,378.03248028232827,215.68436432194184,190.29527820201136,215.68436432194184
Shatin Pass Estate,Wong Tai Sin,22.34964,114.19499,1300,3510,376.76466143111645,598.3643676677245,376.76466143111645,376.76466143111645,376.76466143111645,0.4953152685747593,1340.6809654906324,376.76466143111645,598.3643676677245,376.76466143111645,376.76466143111645,376.76466143111645
Choi Ying Estate,Kwun Tong,22.32756,114.21542,4000,10800,149.7694857453188,605.0671503931312,104.5592085515647,149.7694857453188,149.7694857453188,0.4964709029810196,1399.8856730205475,149.7694857453188,605.0671503931312,104.5592085515647,149.7694857453188,149.7694857453188
Ping Shek Estate,Kwun Tong,22.33356,114.2096,4600,12420,112.40609510406843,443.8809776665372,112.40609510406843,60.639341271004895,83.86152967575063,0.4964709029810196,696.3650245476638,112.40609510406843,443.8809776665372,112.40609510406843,60.639341271004895,83.86152967575063
Fu Shin Estate,Tai Po,22.453,114.17556,1200,3240,45.04005762208313,768.7825010423257,45.04005762208313,45.04005762208313,45.04005762208313,0.2600838573192465,598.0071166276715,45.04005762208313,598.0071166276715,45.04005762208313,45.04005762208313,45.04005762208313
Nam Cheong Estate,Sham Shui Po,22.32642,114.15827,400,1080,122.80083746808818,390.5690306778776,122.80083746808818,122.80083746808818,122.80083746808818,0.572474461183177,444.9077873557182,122.80083746808818,390.5690306778776,122.80083746808818,122.80083746808818,122.80083746808818
Fu Cheong Estate,Sham Shui Po,22.32861,114.15465,6000,16200,113.71497912550161,826.3122026548263,113.71497912550161,109.3363730626478,113.71497912550161,0.572474461183177,0.0,0.0,0.0,0.0,0.0,0.0
Lai Kok Estate,Sham Shui Po,22.33224,114.15681,3000,8100,347.03157044978747,744.1234115293868,347.03157044978747,181.02308119320944,347.03157044978747,0.572474461183177,460.74129856437315,347.03157044978747,460.74129856437315,347.03157044978747,181.02308119320944,347.03157044978747
Lai On Estate,Sham Shui Po,22.33077,114.15847,1400,3780,235.66039723756484,771.3971965938839,190.23770112558307,138.3660392904226,337.7020915967296,0.572474461183177,460.50774747114843,235.66039723756484,460.50774747114843,190.23770112558307,138.3660392904226,337.7020915967296
Lei Cheng Uk Estate,Sham Shui Po,22.33921,114.16013,700,1890,190.35814401443903,273.1647599529087,284.0982839490935,284.0982839490935,284.0982839490935,0.572474461183177,1306.499819562525,190.35814401443903,273.1647599529087,284.0982839490935,284.0982839490935,284.0982839490935
Ko Cheung Court,Kwun Tong,22.29693,114.24012,1800,4860,252.5449514347262,545.8248904868293,199.8967330480964,72.08039911347653,252.5449514347262,0.4964709029810196,2256.3632072768764,252.5449514347262,545.8248904868293,199.8967330480964,72.08039911347653,252.5449514347262
Kwai Chung Estate,Kwai Tsing,22.36959,114.1271,13700,36990,132.1807900305189,278.4685348390329,132.1807900305189,132.1807900305189,132.1807900305189,0.1635933757904977,1126.4027383574532,132.1807900305189,278.4685348390329,132.1807900305189,132.1807900305189,132.1807900305189
Kwai Shing West Estate,Kwai Tsing,22.3628,114.12368,5300,14310,60.55468708839874,512.1126307855336,60.55468708839874,60.55468708839874,60.55468708839874,0.1635933757904977,1958.672002495485,60.55468708839874,512.1126307855336,60.55468708839874,60.55468708839874,60.55468708839874
Lai King Estate,Kwai Tsing,22.35045,114.12619,4800,12960,338.07168558044253,470.4732664583895,338.07168558044253,221.03413916576287,338.07168558044253,0.1635933757904977,3214.115775583842,338.07168558044253,470.4732664583895,338.07168558044253,221.03413916576287,338.07168558044253
Lai Yiu Estate,Kwai Tsing,22.35314,114.13151,3700,9990,66.90832325449745,844.8694893195006,66.90832325449745,66.90832325449745,66.90832325449745,0.1635933757904977,2873.442504910708,66.90832325449745,844.8694893195006,66.90832325449745,66.90832325449745,66.90832325449745
Hoi Lai Estate,Sham Shui Po,22.33224,114.14635,4900,13230,392.35544975946755,732.1215619461593,437.51829372736665,240.6692922194412,437.51829372736665,0.572474461183177,944.3188625694497,392.35544975946755,732.1215619461593,437.51829372736665,240.6692922194412,437.51829372736665
Ho Man Tin Estate,Kowloon City,22.31826,114.18113,4700,12690,203.3500664318002,505.2703915432331,503.708270490993,254.3930986121901,503.708270490993,0.797176650828884,2567.005142502442,203.3500664318002,505.2703915432331,503.708270490993,254.3930986121901,503.708270490993
Shun Tin Estate,Kwun Tong,22.32656,114.2259,7000,18900,97.73614493885397,545.3778167167709,97.73614493885397,97.73614493885397,97.73614493885397,0.4964709029810196,1378.68462113087,97.73614493885397,545.3778167167709,97.73614493885397,97.73614493885397,97.73614493885397
Chung On Estate,Sha Tin,22.4223,114.22616,2700,7290,63.053267225441495,566.856631074059,63.053267225441495,63.053267225441495,63.053267225441495,0.6508778390990247,4849.345592273356,63.053267225441495,566.856631074059,63.053267225441495,63.053267225441495,63.053267225441495
Cheung Hong Estate,Kwai Tsing,22.35003,114.10561,8400,22680,10.060246914900828,211.27266776815418,10.060246914900828,10.060246914900828,10.060246914900828,0.1635933757904977,4158.423441875745,10.060246914900828,211.27266776815418,10.060246914900828,10.060246914900828,10.060246914900828
Un Chau Estate,Sham Shui Po,22.33665,114.15599,7800,21060,135.22418908013637,294.3904451504009,135.22418908013637,88.45176989742178,135.22418908013637,0.572474461183177,904.568770529906,135.22418908013637,294.3904451504009,135.22418908013637,88.45176989742178,135.22418908013637
Tai Yuen Estate,Tai Po,22.45496,114.16897,4900,13230,126.75738149038109,75.94897050837473,126.75738149038109,126.75738149038109,126.75738149038109,0.2600838573192465,941.0486211910633,126.75738149038109,75.94897050837473,126.75738149038109,126.75738149038109,126.75738149038109
Lower Wong Tai Sin (1) Estate,Wong Tai Sin,22.33921,114.1948,900,2430,276.98478885440056,210.79512772667005,276.98478885440056,249.25458510729243,276.98478885440056,0.4953152685747593,923.3680694529326,276.98478885440056,210.79512772667005,276.98478885440056,249.25458510729243,276.98478885440056
Tung Tau (II) Estate,Wong Tai Sin,22.33306,114.19336,1300,3510,289.5681525344009,223.83340369872795,336.54099982024695,287.1031182901413,336.54099982024695,0.4953152685747593,984.9871919841326,289.5681525344009,223.83340369872795,336.54099982024695,287.1031182901413,336.54099982024695
Upper Wong Tai Sin Estate,Wong Tai Sin,22.3427,114.1927,4900,13230,102.85316770935762,239.8685994995248,102.85316770935762,79.06533834024691,102.85316770935762,0.4953152685747593,716.5722450772041,102.85316770935762,239.8685994995248,102.85316770935762,79.06533834024691,102.85316770935762
Po Lam Estate,Sai Kung,22.32592,114.25309,900,2430,212.6428237739491,462.67839560054847,212.6428237739491,212.6428237739491,212.6428237739491,0.09761167188461617,2306.090469458919,212.6428237739491,462.67839560054847,212.6428237739491,212.6428237739491,212.6428237739491
Tsz Ching Estate,Wong Tai Sin,22.34989,114.20263,8100,21870,16.367142654043548,742.4101541131466,16.367142654043548,16.367142654043548,16.367142654043548,0.4953152685747593,1929.4625189324913,16.367142654043548,742.4101541131466,16.367142654043548,16.367142654043548,16.367142654043548
Sheung Tak Estate,Sai Kung,22.31064,114.25768,5600,15120,180.47751575929576,128.07721088231006,180.47751575929576,132.62625781740803,180.47751575929576,0.09761167188461617,2585.282854386646,180.47751575929576,128.07721088231006,180.47751575929576,132.62625781740803,180.47751575929576
Tsz Hong Estate,Wong Tai Sin,22.34727,114.20305,2000,5400,117.21956754883891,599.4555430573845,117.21956754883891,77.42034392444117,117.21956754883891,0.4953152685747593,1637.9558407008165,117.21956754883891,599.4555430573845,117.21956754883891,77.42034392444117,117.21956754883891
Tsz Man Estate,Wong Tai Sin,22.34817,114.20383,2000,5400,38.07718481526813,717.3168141512418,38.07718481526813,38.07718481526813,38.07718481526813,0.4953152685747593,1740.494922331928,38.07718481526813,717.3168141512418,38.07718481526813,38.07718481526813,38.07718481526813
Tsui Lam Estate,Sai Kung,22.32348,114.24827,700,1890,58.39828231251205,870.4125840445926,58.39828231251205,58.39828231251205,58.39828231251205,0.09761167188461617,1740.98889666701,58.39828231251205,870.4125840445926,58.39828231251205,58.39828231251205,58.39828231251205
Ming Tak Estate,Sai Kung,22.31611,114.26903,1500,4050,124.26370702264227,213.33395528126934,144.40593978573077,144.40593978573077,18.692687553670055,0.09761167188461617,3677.5021198440986,124.26370702264227,213.33395528126934,144.40593978573077,144.40593978573077,18.692687553670055
Chun Shek Estate,Sha Tin,22.37367,114.18704,2100,5670,144.31393881880908,708.7053997215802,144.31393881880908,65.09504486467749,130.17562134291808,0.6508778390990247,1906.564178345531,144.31393881880908,708.7053997215802,144.31393881880908,65.09504486467749,130.17562134291808
Heng On Estate,Sha Tin,22.41583,114.22905,300,810,411.7457085281687,277.4845321677157,411.7457085281687,152.05593416436724,411.7457085281687,0.6508778390990247,4531.432198571774,411.7457085281687,277.4845321677157,411.7457085281687,152.05593416436724,411.7457085281687
Kwai Shing East Estate,Kwai Tsing,22.36331,114.1287,6300,17010,230.54488709730006,424.58345110678874,230.54488709730006,189.69831012498466,230.54488709730006,0.1635933757904977,1761.4356278750386,230.54488709730006,424.58345110678874,230.54488709730006,189.69831012498466,230.54488709730006
Hin Keng Estate,Sha Tin,22.36399,114.17324,300,810,406.5356034770463,342.23303150404007,820.5337466892242,159.86656365338072,768.6031682184945,0.6508778390990247,2883.8650597970263,406.5356034770463,342.23303150404007,820.5337466892242,159.86656365338072,768.6031682184945
On Yam Estate,Kwai Tsing,22.36947,114.14165,5300,14310,47.995307379789736,347.917249543913,47.995307379789736,47.995307379789736,47.995307379789736,0.1635933757904977,1506.8482662455408,47.995307379789736,347.917249543913,47.995307379789736,47.995307379789736,47.995307379789736
Lee On Estate,Sha Tin,22.4252,114.24137,3600,9720,130.43099554061897,241.55422534916127,130.43099554061897,130.43099554061897,130.43099554061897,0.6508778390990247,6170.008903768613,130.43099554061897,241.55422534916127,130.43099554061897,130.43099554061897,130.43099554061897
Shek Lei (I) Estate,Kwai Tsing,22.36252,114.13712,4900,13230,39.56231064482375,342.8491437171043,39.56231064482375,39.56231064482375,39.56231064482375,0.1635933757904977,1928.519449773875,39.56231064482375,342.8491437171043,39.56231064482375,39.56231064482375,39.56231064482375
Tai Hing Estate,Tuen Mun,22.40436,113.97221,8600,23220,159.51827913861857,299.33553621901643,159.51827913861857,154.51728129891916,159.51827913861857,0.2468510574009941,11934.157419445452,159.51827913861857,299.33553621901643,159.51827913861857,154.51728129891916,159.51827913861857
Cheung Wang Estate,Kwai Tsing,22.35639,114.09622,4300,11610,26.23504677962356,635.4448430796566,26.23504677962356,26.23504677962356,26.23504677962356,0.1635933757904977,4388.05692789425,26.23504677962356,635.4448430796566,26.23504677962356,26.23504677962356,26.23504677962356
Easeful Court,Kwai Tsing,22.36007,114.10367,500,1350,164.9719862300174,364.1295359477211,164.9719862300174,164.9719862300174,164.9719862300174,0.1635933757904977,3527.150616762785,164.9719862300174,364.1295359477211,164.9719862300174,164.9719862300174,164.9719862300174
Kwai Fong Estate,Kwai Tsing,22.35904,114.12857,6300,17010,190.19797708299572,144.25875400037737,158.6174615706652,132.433742416029,115.02518324519568,0.1635933757904977,2233.783384411997,190.19797708299572,144.25875400037737,158.6174615706652,132.433742416029,115.02518324519568
Shek Wai Kok Estate,Tsuen Wan,22.37649,114.12467,6500,17550,172.7955823591915,953.6504437930286,217.69233554347247,142.44953028793887,318.15061094529636,0.8928571428568196,727.2211530789288,172.7955823591915,727.2211530789288,217.69233554347247,142.44953028793887,318.15061094529636
Fu Heng Estate,Tai Po,22.45645,114.17074,1000,2700,53.18457768651413,240.49545672563175,53.18457768651413,53.18457768651413,53.18457768651413,0.2600838573192465,1011.626611195831,53.18457768651413,240.49545672563175,53.18457768651413,53.18457768651413,53.18457768651413
Choi Fai Estate,Wong Tai Sin,22.33539,114.21799,1400,3780,24.152625730949072,448.4238374488635,24.152625730949072,24.152625730949072,24.152625730949072,0.4953152685747593,1582.0684487607482,24.152625730949072,448.4238374488635,24.152625730949072,24.152625730949072,24.152625730949072
Kwong Fuk Estate,Tai Po,22.44784,114.17392,6200,16740,145.88163567885385,813.3180213091322,145.88163567885385,91.92653488006466,145.88163567885385,0.2600838573192465,0.0,0.0,0.0,0.0,0.0,0.0
Wan Hon Estate,Kwun Tong,22.3179,114.22325,1000,2700,159.1949319890408,314.51043363205594,159.1949319890408,159.1949319890408,159.1949319890408,0.4964709029810196,1048.7205410932513,159.1949319890408,314.51043363205594,159.1949319890408,159.1949319890408,159.1949319890408
Wo Lok Estate,Kwun Tong,22.31625,114.2275,1900,5130,168.95229438858175,418.62755328326324,168.95229438858175,168.95229438858175,168.95229438858175,0.4964709029810196,594.585992051938,168.95229438858175,418.62755328326324,168.95229438858175,168.95229438858175,168.95229438858175
Choi Wan (2) Estate,Wong Tai Sin,22.33373,114.21733,3000,8100,172.63930325519058,399.56543078444383,172.63930325519058,172.63930325519058,172.63930325519058,0.4953152685747593,1488.024158336179,172.63930325519058,399.56543078444383,172.63930325519058,172.63930325519058,172.63930325519058
Grandeur Terrace,Yuen Long,22.46878,114.00239,4100,11070,234.03480083053165,238.53427496817895,234.03480083053165,228.67234721626073,234.03480083053165,0.4218162576779331,16359.284289913749,234.03480083053165,238.53427496817895,234.03480083053165,228.67234721626073,234.03480083053165
Long Ping Estate,Yuen Long,22.44908,114.02275,1400,3780,269.19780614464673,1801.3573439043366,269.19780614464673,137.78007880658896,269.19780614464673,0.4218162576779331,13603.692177329263,269.19780614464673,1801.3573439043366,269.19780614464673,137.78007880658896,269.19780614464673
Shui Pin Wai Estate,Yuen Long,22.44602,114.02027,2400,6480,333.9807721226267,1392.4598257453608,333.9807721226267,126.43146181504862,199.3582499042658,0.4218162576779331,13624.393934282525,333.9807721226267,1392.4598257453608,333.9807721226267,126.43146181504862,199.3582499042658
Tin Chak Estate,Yuen Long,22.46726,113.99754,4000,10800,208.7464941848683,289.5714029740913,208.7464941848683,208.7464941848683,63.384335766465405,0.4218162576779331,16883.762042714807,208.7464941848683,289.5714029740913,208.7464941848683,208.7464941848683,63.384335766465405
Tin Shui (1) Estate,Yuen Long,22.45565,113.99777,4600,12420,60.61946521507497,168.23756403508523,199.70785987829464,89.47651450910593,199.70785987829464,0.4218162576779331,16150.082041581283,60.61946521507497,168.23756403508523,199.70785987829464,89.47651450910593,199.70785987829464
Tin Tsz Estate,Yuen Long,22.45261,114.00738,3300,8910,132.5952414261473,299.29329766668945,132.5952414261473,132.5952414261473,132.5952414261473,0.4218162576779331,15134.589790222626,132.5952414261473,299.29329766668945,132.5952414261473,132.5952414261473,132.5952414261473
Tin Yiu (1) Estate,Yuen Long,22.44976,114.00506,4700,12690,261.06862232655857,96.16026489969674,261.06862232655857,169.04644111996583,74.62314082898682,0.4218162576779331,15168.999207435158,261.06862232655857,96.16026489969674,261.06862232655857,169.04644111996583,74.62314082898682
Tin Wah Estate,Yuen Long,22.46069,113.99545,3700,9990,82.10353871322314,721.3293194580975,82.10353871322314,82.10353871322314,82.10353871322314,0.4218162576779331,16651.9296060304,82.10353871322314,721.3293194580975,82.10353871322314,82.10353871322314,82.10353871322314
Choi Ha Estate,Kwun Tong,22.32603,114.21825,300,810,120.05011581994884,746.3075328943867,120.05011581994884,120.05011581994884,120.05011581994884,0.4964709029810196,1735.019995090063,120.05011581994884,746.3075328943867,120.05011581994884,120.05011581994884,120.05011581994884
Tin Yan Estate,Yuen Long,22.46436,113.996,5600,15120,83.88238520691351,589.9043951304009,83.88238520691351,83.88238520691351,83.88238520691351,0.4218162576779331,16831.19239096309,83.88238520691351,589.9043951304009,83.88238520691351,83.88238520691351,83.88238520691351
Tin Yat Estate,Yuen Long,22.46671,114.00015,3300,8910,66.33017297665029,133.55954828411387,66.33017297665029,66.33017297665029,66.33017297665029,0.4218162576779331,16632.52057651239,66.33017297665029,133.55954828411387,66.33017297665029,66.33017297665029,66.33017297665029
Yan On Estate,Sha Tin,22.41395,114.22533,2600,7020,24.2984521752555,396.5763729724182,24.2984521752555,24.2984521752555,24.2984521752555,0.6508778390990247,4108.850637150862,24.2984521752555,396.5763729724182,24.2984521752555,24.2984521752555,24.2984521752555
Tin Yiu (2) Estate,Yuen Long,22.45255,114.00374,3800,10260,245.84766048731396,250.11194764676702,245.84766048731396,228.827380473798,245.84766048731396,0.4218162576779331,15447.075112480807,245.84766048731396,250.11194764676702,245.84766048731396,228.827380473798,245.84766048731396
Sau Mau Ping (South) Estate,Kwun Tong,22.32161,114.22982,4000,10800,246.60042777591426,748.9322310219926,246.60042777591426,161.82069854359747,246.60042777591426,0.4964709029810196,698.0090055454789,246.60042777591426,698.0090055454789,246.60042777591426,161.82069854359747,246.60042777591426
Tin Yuet Estate,Yuen Long,22.46274,113.99939,4200,11340,310.9080108568701,581.5067191231338,310.9080108568701,162.73863440394885,147.8968462613694,0.4218162576779331,16441.989570782378,310.9080108568701,581.5067191231338,310.9080108568701,162.73863440394885,147.8968462613694
Ko Yee Estate,Kwun Tong,22.29749,114.24145,1200,3240,383.8349598004979,652.065433427676,341.22023636381465,221.21169445881398,383.8349598004979,0.4964709029810196,2244.845532007441,383.8349598004979,652.065433427676,341.22023636381465,221.21169445881398,383.8349598004979
Hing Tin Estate,Kwun Tong,22.31285,114.23877,200,540,328.3104036733829,960.333170558042,328.3104036733829,311.5185866342766,328.3104036733829,0.4964709029810196,677.1446922771493,328.3104036733829,677.1446922771493,328.3104036733829,311.5185866342766,328.3104036733829
Kai Tin Estate,Kwun Tong,22.30959,114.23492,2300,6210,306.1981092769316,668.4471360839306,306.1981092769316,105.88033910517856,306.1981092769316,0.4964709029810196,755.1953667474189,306.1981092769316,668.4471360839306,306.1981092769316,105.88033910517856,306.1981092769316
Kai Yip Estate,Kwun Tong,22.32958,114.20913,4300,11610,163.11069377014104,321.795628281392,163.11069377014104,163.11069377014104,163.11069377014104,0.4964709029810196,718.5488502182952,163.11069377014104,321.795628281392,163.11069377014104,163.11069377014104,163.11069377014104
Shan King Estate,Tuen Mun,22.39895,113.9663,3600,9720,40.52425177502664,305.60938482730825,40.52425177502664,31.248480292551577,40.52425177502664,0.2468510574009941,11252.967815726526,40.52425177502664,305.60938482730825,40.52425177502664,31.248480292551577,40.52425177502664
Kwong Tin Estate,Kwun Tong,22.30332,114.23977,2500,6750,111.8294275431819,107.9935425342208,111.8294275431819,111.8294275431819,111.8294275431819,0.4964709029810196,1581.168446963425,111.8294275431819,107.9935425342208,111.8294275431819,111.8294275431819,111.8294275431819
Lok Wah South Estate,Kwun Tong,22.32008,114.22222,7000,18900,170.39581783692662,76.57334646214719,170.39581783692662,170.39581783692662,170.39581783692662,0.4964709029810196,1216.3540056549664,170.39581783692662,76.57334646214719,170.39581783692662,170.39581783692662,170.39581783692662
Lok Wah North Estate,Kwun Tong,22.32222,114.22021,3000,8100,137.5258144215959,301.42123126202904,137.5258144215959,45.31559936705782,45.43630578189752,0.4964709029810196,1501.3711759677792,137.5258144215959,301.42123126202904,137.5258144215959,45.31559936705782,45.43630578189752
On Tin Estate,Kwun Tong,22.30781,114.23545,700,1890,158.3458426193524,562.5282022140218,158.3458426193524,103.98821229310138,158.3458426193524,0.4964709029810196,960.3417707046701,158.3458426193524,562.5282022140218,158.3458426193524,103.98821229310138,158.3458426193524
Ping Tin Estate,Kwun Tong,22.30603,114.23608,5700,15390,50.44951984990722,376.6851855616408,50.44951984990722,50.44951984990722,50.44951984990722,0.4964709029810196,1168.0362738524532,50.44951984990722,376.6851855616408,50.44951984990722,50.44951984990722,50.44951984990722
Po Tat Estate,Kwun Tong,22.31712,114.23779,7400,19980,350.55954682986294,977.1948464908568,350.55954682986294,152.7173214209965,350.55954682986294,0.4964709029810196,474.8340438722411,350.55954682986294,474.8340438722411,350.55954682986294,152.7173214209965,350.55954682986294
Sau Mau Ping Estate,Kwun Tong,22.31621,114.23328,12500,33750,190.20220345796884,537.4139587302366,190.20220345796884,190.20220345796884,190.20220345796884,0.4964709029810196,0.0,0.0,0.0,0.0,0.0,0.0
Shun On Estate,Kwun Tong,22.32928,114.22636,3000,8100,151.1367262839701,242.21526487394544,151.1367262839701,151.1367262839701,151.1367262839701,0.4964709029810196,1618.2698882617344,151.1367262839701,242.21526487394544,151.1367262839701,151.1367262839701,151.1367262839701
Tak Tin Estate,Kwun Tong,22.30976,114.23962,1500,4050,183.34726558708329,653.4450633264036,158.84548619860743,160.3999516949528,183.34726558708329,0.4964709029810196,969.400783787262,183.34726558708329,653.4450633264036,158.84548619860743,160.3999516949528,183.34726558708329
Tsui Ping (North) Estate,Kwun Tong,22.31555,114.22915,2200,5940,314.0181666292388,291.91706303583516,314.0181666292388,105.90233961060987,314.0181666292388,0.4964709029810196,431.13254593874973,314.0181666292388,291.91706303583516,314.0181666292388,105.90233961060987,314.0181666292388
Tsui Ping (South) Estate,Kwun Tong,22.312977,114.23423,4900,13230,280.76914806703076,493.2763110421711,280.76914806703076,280.76914806703076,280.76914806703076,0.4964709029810196,372.53917083916275,280.76914806703076,372.53917083916275,280.76914806703076,280.76914806703076,280.76914806703076
Sheung Lok Estate,Kowloon City,22.32014,114.1813,400,1080,410.6629193445916,556.4315176687902,498.4357253609534,455.0581778080212,498.4357253609534,0.797176650828884,2358.693603431938,410.6629193445916,556.4315176687902,498.4357253609534,455.0581778080212,498.4357253609534
Pok Hong Estate,Sha Tin,22.37493,114.19191,600,1620,472.7499761310752,196.86822860790568,582.5354784325087,166.1759331852018,233.95779164165165,0.6508778390990247,1576.01425690781,472.7499761310752,196.86822860790568,582.5354784325087,166.1759331852018,233.95779164165165
Cheung Shan Estate,Tsuen Wan,22.37898,114.13121,1600,4320,63.32082928507995,1200.8849350788926,63.32082928507995,63.32082928507995,63.32082928507995,0.8928571428568196,0.0,0.0,0.0,0.0,0.0,0.0
Shek Kip Mei Estate,Sham Shui Po,22.33266,114.1653,10800,29160,71.89577503397598,62.77607215397155,71.89577503397598,71.89577503397598,40.92411059819461,0.572474461183177,1184.374907873904,71.89577503397598,62.77607215397155,71.89577503397598,71.89577503397598,40.92411059819461
Pak Tin Estate,Sham Shui Po,22.33717,114.16755,9300,25110,97.46173674835258,539.1669538822855,97.46173674835258,97.46173674835258,97.46173674835258,0.572474461183177,1632.9216860427036,97.46173674835258,539.1669538822855,97.46173674835258,97.46173674835258,97.46173674835258
Nam Shan Estate,Sham Shui Po,22.33446,114.17122,2900,7830,166.52841125493399,586.0809952889749,430.6082561410831,357.2462233640578,430.6082561410831,0.572474461183177,1681.2890677898063,166.52841125493399,586.0809952889749,430.6082561410831,357.2462233640578,430.6082561410831
Tin Wan Estate,Southern,22.25198,114.15047,3200,8640,181.83571221167765,706.3306396166781,181.83571221167765,181.83571221167765,181.83571221167765,0.5164492260702831,1369.3018342349872,181.83571221167765,706.3306396166781,181.83571221167765,181.83571221167765,181.83571221167765
On Ting Estate,Tuen Mun,22.3879,113.97684,5100,13770,55.145529444033976,63.95297868123517,55.145529444033976,55.145529444033976,55.145529444033976,0.2468510574009941,10234.522897394303,55.145529444033976,63.95297868123517,55.145529444033976,55.145529444033976,55.145529444033976
Fortune Estate,Sham Shui Po,22.33548,114.15388,2100,5670,333.6067845243746,532.0034633969159,333.6067845243746,178.316358044936,333.6067845243746,0.572474461183177,768.0036220836598,333.6067845243746,532.0034633969159,333.6067845243746,178.316358044936,333.6067845243746
Butterfly Estate,Tuen Mun,22.37593,113.96182,5400,14580,117.20800381771103,128.109255175988,117.20800381771103,117.20800381771103,117.20800381771103,0.2468510574009941,8658.090302425338,117.20800381771103,128.109255175988,117.20800381771103,117.20800381771103,117.20800381771103
Tin Ching Estate,Yuen Long,22.4629,114.00347,6200,16740,547.6548673351612,646.5083054828067,547.6548673351612,116.80305304917643,288.2409574409595,0.4218162576779331,16108.428290984682,547.6548673351612,646.5083054828067,547.6548673351612,116.80305304917643,288.2409574409595
Tin Heng Estate,Yuen Long,22.47059,113.99895,5800,15660,7.836100207381924,327.8223389467683,7.836100207381924,7.836100207381924,7.836100207381924,0.4218162576779331,16656.081505071645,7.836100207381924,327.8223389467683,7.836100207381924,7.836100207381924,7.836100207381924
Tin Shui (2) Estate,Yuen Long,22.45439,113.99914,3200,8640,249.58822686547705,104.31487790045391,334.18942493257356,178.08633155520005,334.18942493257356,0.4218162576779331,15956.632606488587,249.58822686547705,104.31487790045391,334.18942493257356,178.08633155520005,334.18942493257356
Sai Wan Estate,Central & Western,22.28096,114.12521,600,1620,355.399106808931,191.72244549509873,492.7754845966033,365.3235154458088,412.54157112767666,0.0,3511.180437488891,355.399106808931,191.72244549509873,492.7754845966033,365.3235154458088,412.54157112767666
Hing Tung Estate,Eastern,22.28155,114.21929,2100,5670,69.79999330502356,434.6532591295415,69.79999330502356,69.79999330502356,69.79999330502356,0.08345532267957173,4113.997753614408,69.79999330502356,434.6532591295415,69.79999330502356,69.79999330502356,69.79999330502356
Choi Hung Estate,Wong Tai Sin,22.33394,114.20742,7400,19980,185.47945514950683,650.924266776137,185.47945514950683,169.24984460473954,185.47945514950683,0.4953152685747593,488.3218600866197,185.47945514950683,488.3218600866197,185.47945514950683,169.24984460473954,185.47945514950683
High Prosperity Terrace,Kwai Tsing,22.36482,114.12277,800,2160,233.97424878834653,418.8054694799076,233.97424878834653,233.97424878834653,233.97424878834653,0.1635933757904977,1797.8525957597035,233.97424878834653,418.8054694799076,233.97424878834653,233.97424878834653,233.97424878834653
Tsz Lok Estate,Wong Tai Sin,22.34891,114.19884,6200,16740,132.46463743734267,455.5134508671624,132.46463743734267,91.43915364919016,132.46463743734267,0.4953152685747593,1591.978990074008,132.46463743734267,455.5134508671624,132.46463743734267,91.43915364919016,132.46463743734267
Kwong Yuen Estate,Sha Tin,22.38123,114.21415,700,1890,95.73213249437872,842.9487452667533,129.8625820977398,159.877502138605,199.18863677522097,0.6508778390990247,1999.4568605039908,95.73213249437872,842.9487452667533,129.8625820977398,159.877502138605,199.18863677522097
Lek Yuen Estate,Sha Tin,22.38474,114.19059,3200,8640,109.93477871468455,755.957511084074,109.93477871468455,109.93477871468455,109.93477871468455,0.6508778390990247,725.3180479492263,109.93477871468455,725.3180479492263,109.93477871468455,109.93477871468455,109.93477871468455
Ma Tau Wai Estate,Kowloon City,22.32392,114.1866,2100,5670,413.90762109528976,801.1960557236596,431.1719518318146,167.24260781099235,290.9840099305483,0.797176650828884,1889.0648168899315,413.90762109528976,801.1960557236596,431.1719518318146,167.24260781099235,290.9840099305483
Shek Yam Estate,Kwai Tsing,22.37166,114.13921,2700,7290,107.14182588274261,149.043751907838,62.79181049418287,70.31967338371534,107.14182588274261,0.1635933757904977,1157.2185900075667,107.14182588274261,149.043751907838,62.79181049418287,70.31967338371534,107.14182588274261
Chak On Estate,Sham Shui Po,22.33966,114.16472,1900,5130,461.55191516173875,747.8537347025389,461.55191516173875,362.72006024092684,461.55191516173875,0.572474461183177,1607.0031799885614,461.55191516173875,747.8537347025389,461.55191516173875,362.72006024092684,461.55191516173875
Cheung Lung Wai Estate,North,22.49495,114.12351,1400,3780,417.097455069977,863.8341415414909,417.097455069977,313.48105630344594,417.097455069977,0.6075708532536184,3584.668723048155,417.097455069977,863.8341415414909,417.097455069977,313.48105630344594,417.097455069977
Long Ching Estate,Yuen Long,22.446522,114.02864,400,1080,239.9438229093963,1648.4903508261682,200.44208193756222,208.97984843009942,239.9438229093963,0.4218162576779331,12945.080512573908,239.9438229093963,1648.4903508261682,200.44208193756222,208.97984843009942,239.9438229093963
Lei Yue Mun Estate,Kwun Tong,22.29491,114.23978,3600,9720,87.21397780210194,320.8504474264647,66.64574892755357,87.21397780210194,87.21397780210194,0.4964709029810196,2461.0370731096987,87.21397780210194,320.8504474264647,66.64574892755357,87.21397780210194,87.21397780210194
Shun Lee Estate,Kwun Tong,22.33163,114.22553,4500,12150,23.805337024041247,175.30342927374505,23.805337024041247,23.805337024041247,23.805337024041247,0.4964709029810196,1890.8796757172968,23.805337024041247,175.30342927374505,23.805337024041247,23.805337024041247,23.805337024041247
Yee Ming Estate,Sai Kung,22.30624,114.26326,2100,5670,67.65545112697178,882.3147129362418,67.65545112697178,67.65545112697178,67.65545112697178,0.09761167188461617,3277.2562759907496,67.65545112697178,882.3147129362418,67.65545112697178,67.65545112697178,67.65545112697178
Shui Chuen O Estate,Sha Tin,22.37212,114.19826,11100,29970,180.42561549091596,650.2041947673567,180.42561549091596,180.42561549091596,180.42561549091596,0.6508778390990247,1831.0458075904592,180.42561549091596,650.2041947673567,180.42561549091596,180.42561549091596,180.42561549091596
Lung Yat Estate,Tuen Mun,22.386862,113.96761,1000,2700,206.75989847133994,77.73858089547124,206.75989847133994,206.75989847133994,206.75989847133994,0.2468510574009941,9938.59098536875,206.75989847133994,77.73858089547124,206.75989847133994,206.75989847133994,206.75989847133994
Fung Wo Estate,Sha Tin,22.387539,114.193375,1600,4320,496.5195962406559,785.5867505933153,201.02041944013922,201.82062143292453,496.5195962406559,0.6508778390990247,324.7150582103409,324.7150582103409,324.7150582103409,201.02041944013922,201.82062143292453,324.7150582103409
Po Heung Estate,Tai Po,22.447039,114.16543,500,1350,151.13179062916873,74.18005439697374,126.90999854437248,126.90999854437248,151.13179062916873,0.2600838573192465,877.0490784981469,151.13179062916873,74.18005439697374,126.90999854437248,126.90999854437248,151.13179062916873
So Uk Estate,Sham Shui Po,22.34159,114.15684,7000,18900,174.3742258717469,306.3896097705681,174.3742258717469,144.29702660947783,174.3742258717469,0.572474461183177,1460.7808316224564,174.3742258717469,306.3896097705681,174.3742258717469,144.29702660947783,174.3742258717469
Wah Ha Estate,Eastern,22.264769,114.23649,200,540,200.32858808116725,200.32858808116725,200.32858808116725,68.42499125023048,230.701858451936,0.08345532267957173,5729.504726105783,200.32858808116725,200.32858808116725,200.32858808116725,68.42499125023048,230.701858451936
Cheung Sha Wan Estate,Sham Shui Po,22.3346,114.15634,1400,3780,170.2922545759006,492.8901926761588,170.2922545759006,142.5063625359509,170.2922545759006,0.572474461183177,688.3662191242553,170.2922545759006,492.8901926761588,170.2922545759006,142.5063625359509,170.2922545759006
Hung Fuk Estate,Yuen Long,22.43776,113.99781,4900,13230,186.2718599320152,1400.9512548486987,186.2718599320152,186.2718599320152,186.2718599320152,0.4218162576779331,15191.293479488028,186.2718599320152,1400.9512548486987,186.2718599320152,186.2718599320152,186.2718599320152
Tung Wui Estate,Wong Tai Sin,22.332422,114.19376,2400,6480,266.5012923800957,199.52225306224065,303.5396890297054,281.6277363407233,303.5396890297054,0.4953152685747593,942.2403278993905,266.5012923800957,199.52225306224065,303.5396890297054,281.6277363407233,303.5396890297054
Kwai Luen Estate,Kwai Tsing,22.36264,114.12528,3000,8100,129.74460172906453,390.91194156053945,129.74460172906453,129.74460172906453,129.74460172906453,0.1635933757904977,1916.5137017675065,129.74460172906453,390.91194156053945,129.74460172906453,129.74460172906453,129.74460172906453
On Tat Estate,Kwun Tong,22.32121,114.23523,9400,25380,572.4654171184562,1096.0774782027584,572.4654171184562,374.3471939694081,572.4654171184562,0.4964709029810196,591.0522093167601,572.4654171184562,591.0522093167601,572.4654171184562,374.3471939694081,572.4654171184562
Ying Tung Estate,Islands,22.296284,113.952385,3600,9720,125.02964375836353,1374.5139328884206,125.02964375836353,125.02964375836353,125.02964375836353,0.3895043047188248,261.3534657392714,125.02964375836353,261.3534657392714,125.02964375836353,125.02964375836353,125.02964375836353
Yan Tin Estate,Tuen Mun,22.414415,113.97557,4700,12690,92.55651163089401,990.3920168040752,92.55651163089401,92.55651163089401,92.55651163089401,0.2468510574009941,13094.482964941892,92.55651163089401,990.3920168040752,92.55651163089401,92.55651163089401,92.55651163089401
Kwai Tsui Estate,Kwai Tsing,22.355677,114.12873,900,2430,189.1660194532288,468.7551470436326,189.1660194532288,157.23825477627392,189.1660194532288,0.1635933757904977,2603.69408958967,189.1660194532288,468.7551470436326,189.1660194532288,157.23825477627392,189.1660194532288
Long Shin Estate,Yuen Long,22.442337,114.04498,1200,3240,885.3826791201075,1732.91178930949,1075.0602531709899,467.3395288001213,1094.1290444000701,0.4218162576779331,11322.781548806,885.3826791201075,1732.91178930949,1075.0602531709899,467.3395288001213,1094.1290444000701
On Tai Estate,Kwun Tong,22.327152,114.22902,8600,23220,47.72387759511077,499.3239009159661,47.72387759511077,47.72387759511077,47.72387759511077,0.4964709029810196,1293.1980592563211,47.72387759511077,499.3239009159661,47.72387759511077,47.72387759511077,47.72387759511077
Lin Tsui Estate,Eastern,22.26093,114.236145,300,810,139.0681294487728,237.4637452195554,139.0681294487728,139.0681294487728,139.0681294487728,0.08345532267957173,6153.919340024714,139.0681294487728,237.4637452195554,139.0681294487728,139.0681294487728,139.0681294487728
Mun Tung Estate,Islands,22.276863,113.93296,3900,10530,166.42214320206665,868.0730344918403,166.42214320206665,166.42214320206665,166.42214320206665,0.3895043047188248,3188.2511496450416,166.42214320206665,868.0730344918403,166.42214320206665,166.42214320206665,166.42214320206665
Hoi Ying Estate,Sham Shui Po,22.32841,114.1484,1300,3510,511.9804456636297,1170.6170009732461,707.5111698864625,348.57780834182654,707.5111698864625,0.572474461183177,643.244667981611,511.9804456636297,643.244667981611,643.244667981611,348.57780834182654,643.244667981611
Po Shek Wu Estate,North,22.503332,114.12431,1100,2970,158.91037085957933,457.7211023754636,158.91037085957933,158.91037085957933,158.91037085957933,0.6075708532536184,3352.4389427222814,158.91037085957933,457.7211023754636,158.91037085957933,158.91037085957933,158.91037085957933
Shek Yam East Estate,Kwai Tsing,22.3727,114.13965,2400,6480,199.80484532465888,272.23290504364815,167.54587064406493,83.35504460034036,199.80484532465888,0.1635933757904977,1113.8879009199402,199.80484532465888,272.23290504364815,167.54587064406493,83.35504460034036,199.80484532465888
Kai Chuen Court,Wong Tai Sin,22.3396,114.1999,1000,2700,126.33815365158996,612.2943023611563,126.33815365158996,126.33815365158996,126.33815365158996,0.4953152685747593,844.2525391430087,126.33815365158996,612.2943023611563,126.33815365158996,126.33815365158996,126.33815365158996
Lai Tsui Court,Sham Shui Po,22.334057,114.15447,1300,3510,342.5072786300188,622.1252871354683,342.5072786300188,142.04142118048475,342.5072786300188,0.572474461183177,605.961661301735,342.5072786300188,605.961661301735,342.5072786300188,142.04142118048475,342.5072786300188
Fai Ming Estate,North,22.4811,114.1361,1000,2700,391.1424297537348,1235.5848999461987,391.1424297537348,391.1424297537348,391.1424297537348,0.6075708532536184,3344.95526431463,391.1424297537348,1235.5848999461987,391.1424297537348,391.1424297537348,391.1424297537348
Hoi Tat Estate,Sham Shui Po,22.33005,114.14964,3300,8910,301.9806651225801,1148.980611668805,572.4694638331061,227.20804466609178,572.4694638331061,0.572474461183177,539.6172581682932,301.9806651225801,539.6172581682932,539.6172581682932,227.20804466609178,539.6172581682932
Chun Yeung Estate,Sha Tin,22.3993,114.1886,4800,12960,94.70653039975393,2178.6396012514883,105.29380214909744,105.29380214909744,105.29380214909744,0.6508778390990247,1442.4039061753933,94.70653039975393,1442.4039061753933,105.29380214909744,105.29380214909744,105.29380214909744
Hin Fat Estate,Tuen Mun,22.389,113.98071,900,2430,119.99526006507676,471.11782999796105,119.99526006507676,119.99526006507676,119.99526006507676,0.2468510574009941,10453.494895884267,119.99526006507676,471.11782999796105,119.99526006507676,119.99526006507676,119.99526006507676
Yip Wong Estate,Tuen Mun,22.38778,113.96886,3300,8910,330.3508511727704,220.17679065447828,330.3508511727704,330.3508511727704,330.3508511727704,0.2468510574009941,10059.156638381566,330.3508511727704,220.17679065447828,330.3508511727704,330.3508511727704,330.3508511727704
Fu Tip Estate,Tai Po,22.46125,114.17308,7400,19980,314.3217525623332,164.09366717653555,314.3217525623332,164.09366717653555,314.3217525623332,0.2600838573192465,1493.6204984315793,314.3217525623332,164.09366717653555,314.3217525623332,164.09366717653555,314.3217525623332
Queens Hill Estate,North,22.50422,114.15693,8900,24030,142.76196569622442,1287.185435332289,142.76196569622442,77.83349911243306,142.76196569622442,0.6075708532536184,0.0,0.0,0.0,0.0,0.0,0.0
Wo Tin Estate,Tuen Mun,22.41427,113.96867,4200,11340,623.9027833817822,591.3377884289607,570.9910351075962,623.9027833817822,623.9027833817822,0.2468510574009941,12973.403749051698,623.9027833817822,591.3377884289607,570.9910351075962,623.9027833817822,623.9027833817822
Ching Tin Estate,Tuen Mun,22.412277,113.97133,5200,14040,508.32567849573513,505.6488243539785,508.32567849573513,508.32567849573513,508.32567849573513,0.2468510574009941,12790.159597578493,508.32567849573513,505.6488243539785,508.32567849573513,508.32567849573513,508.32567849573513
Cheung Tung Estate,Islands,22.298462,113.95334,4800,12960,306.1484905670088,1606.32840885621,306.1484905670088,306.1484905670088,306.1484905670088,0.3895043047188248,0.0,0.0,0.0,0.0,0.0,0.0
Choi Shek Estate,North,22.50547,114.12382,2900,7830,199.16773707833636,440.4289562309185,368.6611037754824,333.45941938798273,115.18441413437388,0.6075708532536184,3404.133674311757,199.16773707833636,440.4289562309185,368.6611037754824,333.45941938798273,115.18441413437388
